CREATE DATABASE  IF NOT EXISTS `CLINICA` /*!40100 DEFAULT CHARACTER SET utf8mb4 COLLATE utf8mb4_0900_ai_ci */ /*!80016 DEFAULT ENCRYPTION='N' */;
USE `CLINICA`;
-- MySQL dump 10.13  Distrib 8.0.44, for Win64 (x86_64)
--
-- Host: trolley.proxy.rlwy.net    Database: CLINICA
-- ------------------------------------------------------
-- Server version	9.4.0

/*!40101 SET @OLD_CHARACTER_SET_CLIENT=@@CHARACTER_SET_CLIENT */;
/*!40101 SET @OLD_CHARACTER_SET_RESULTS=@@CHARACTER_SET_RESULTS */;
/*!40101 SET @OLD_COLLATION_CONNECTION=@@COLLATION_CONNECTION */;
/*!50503 SET NAMES utf8 */;
/*!40103 SET @OLD_TIME_ZONE=@@TIME_ZONE */;
/*!40103 SET TIME_ZONE='+00:00' */;
/*!40014 SET @OLD_UNIQUE_CHECKS=@@UNIQUE_CHECKS, UNIQUE_CHECKS=0 */;
/*!40014 SET @OLD_FOREIGN_KEY_CHECKS=@@FOREIGN_KEY_CHECKS, FOREIGN_KEY_CHECKS=0 */;
/*!40101 SET @OLD_SQL_MODE=@@SQL_MODE, SQL_MODE='NO_AUTO_VALUE_ON_ZERO' */;
/*!40111 SET @OLD_SQL_NOTES=@@SQL_NOTES, SQL_NOTES=0 */;

--
-- Table structure for table `ASIGNAR_EMPLEADO_INCIDENCIA`
--

DROP TABLE IF EXISTS `ASIGNAR_EMPLEADO_INCIDENCIA`;
/*!40101 SET @saved_cs_client     = @@character_set_client */;
/*!50503 SET character_set_client = Manuel */;
CREATE TABLE `ASIGNAR_EMPLEADO_INCIDENCIA` (
  `id_historial` int NOT NULL AUTO_INCREMENT,
  `observaciones` varchar(200) DEFAULT NULL,
  `estado_historial` varchar(20) DEFAULT NULL,
  `fecha_resolucion` date DEFAULT NULL,
  `id_empleado` int DEFAULT NULL,
  `id_incidencia` int DEFAULT NULL,
  PRIMARY KEY (`id_historial`),
  KEY `id_empleado` (`id_empleado`),
  KEY `id_incidencia` (`id_incidencia`),
  CONSTRAINT `ASIGNAR_EMPLEADO_INCIDENCIA_ibfk_1` FOREIGN KEY (`id_empleado`) REFERENCES `EMPLEADO` (`id_empleado`),
  CONSTRAINT `ASIGNAR_EMPLEADO_INCIDENCIA_ibfk_2` FOREIGN KEY (`id_incidencia`) REFERENCES `INCIDENCIA` (`id_incidencia`)
) ENGINE=InnoDB AUTO_INCREMENT=7 DEFAULT CHARSET=utf8mb4 COLLATE=utf8mb4_0900_ai_ci;
/*!40101 SET character_set_client = @saved_cs_client */;

--
-- Dumping data for table `ASIGNAR_EMPLEADO_INCIDENCIA`
--

LOCK TABLES `ASIGNAR_EMPLEADO_INCIDENCIA` WRITE;
/*!40000 ALTER TABLE `ASIGNAR_EMPLEADO_INCIDENCIA` DISABLE KEYS */;
INSERT INTO `ASIGNAR_EMPLEADO_INCIDENCIA` VALUES (1,'Revisión inicial realizada','Resuelta','2024-11-21',1,1),(2,'Sistema actualizado correctamente','Resuelta','2024-11-23',1,2),(3,'Incidencia en proceso de resolución','En proceso',NULL,9,3),(4,'Equipo informático reparado','Resuelta','2024-11-27',11,4),(5,'Queja atendida y resuelta','Resuelta','2024-11-28',10,5),(6,'Medicamentos repuestos','Resuelta','2024-11-29',11,6);
/*!40000 ALTER TABLE `ASIGNAR_EMPLEADO_INCIDENCIA` ENABLE KEYS */;
UNLOCK TABLES;

--
-- Table structure for table `AUDITORIA`
--

DROP TABLE IF EXISTS `AUDITORIA`;
/*!40101 SET @saved_cs_client     = @@character_set_client */;
/*!50503 SET character_set_client = utf8mb4 */;
CREATE TABLE `AUDITORIA` (
  `id_auditoria` int NOT NULL AUTO_INCREMENT,
  `id_usuario` int DEFAULT NULL,
  `id_empleado` int DEFAULT NULL,
  `accion` varchar(100) NOT NULL,
  `modulo` varchar(50) NOT NULL,
  `tipo_evento` varchar(50) NOT NULL,
  `descripcion` text,
  `ip_address` varchar(45) DEFAULT NULL,
  `fecha_registro` datetime DEFAULT CURRENT_TIMESTAMP,
  `detalles_json` text,
  PRIMARY KEY (`id_auditoria`),
  KEY `id_usuario` (`id_usuario`),
  KEY `id_empleado` (`id_empleado`),
  KEY `idx_fecha` (`fecha_registro`),
  KEY `idx_modulo` (`modulo`),
  KEY `idx_tipo_evento` (`tipo_evento`),
  CONSTRAINT `AUDITORIA_ibfk_1` FOREIGN KEY (`id_usuario`) REFERENCES `USUARIO` (`id_usuario`),
  CONSTRAINT `AUDITORIA_ibfk_2` FOREIGN KEY (`id_empleado`) REFERENCES `EMPLEADO` (`id_empleado`)
) ENGINE=InnoDB AUTO_INCREMENT=9 DEFAULT CHARSET=utf8mb4 COLLATE=utf8mb4_0900_ai_ci;
/*!40101 SET character_set_client = @saved_cs_client */;

--
-- Dumping data for table `AUDITORIA`
--

LOCK TABLES `AUDITORIA` WRITE;
/*!40000 ALTER TABLE `AUDITORIA` DISABLE KEYS */;
INSERT INTO `AUDITORIA` VALUES (1,15,NULL,'Registro','Pacientes','Creación','Nuevo paciente registrado: Juan Carlos Pérez Gómez','127.0.0.1','2024-02-01 10:30:00',NULL),(2,NULL,1,'Creación de Cita','Citas','Creación','Nueva cita creada para paciente ID 1','127.0.0.1','2024-11-10 14:45:00',NULL),(3,NULL,1,'Actualización','Citas','Actualización','Cita ID 1 marcada como completada','127.0.0.1','2024-11-16 09:30:00',NULL),(4,NULL,1,'Registro de Empleado','Empleados','Creación','Nuevo médico registrado: Dr. Carlos García','127.0.0.1','2024-01-15 08:00:00',NULL),(5,15,NULL,'Creación de Reserva','Reservas','Creación','Nueva reserva creada para cita médica','192.168.1.100','2024-11-10 14:30:00',NULL),(6,15,NULL,'Actualización de Perfil','Usuarios','Actualización','Usuario ID 15 actualizó su perfil','192.168.1.100','2024-11-15 16:20:00',NULL),(7,NULL,9,'Registro de Incidencia','Incidencias','Creación','Nueva incidencia registrada por recepcionista','127.0.0.1','2024-11-20 11:00:00',NULL),(8,NULL,5,'Programación de Operación','Operaciones','Creación','Nueva operación programada para el 02/12/2024','127.0.0.1','2024-11-25 15:30:00',NULL);
/*!40000 ALTER TABLE `AUDITORIA` ENABLE KEYS */;
UNLOCK TABLES;

--
-- Table structure for table `AUDITORIA_ARCHIVO`
--

DROP TABLE IF EXISTS `AUDITORIA_ARCHIVO`;
/*!40101 SET @saved_cs_client     = @@character_set_client */;
/*!50503 SET character_set_client = utf8mb4 */;
CREATE TABLE `AUDITORIA_ARCHIVO` (
  `id_archivo` int NOT NULL AUTO_INCREMENT,
  `id_auditoria` int NOT NULL,
  `nombre_archivo` varchar(255) COLLATE utf8mb4_unicode_ci NOT NULL,
  `ruta_archivo` varchar(500) COLLATE utf8mb4_unicode_ci NOT NULL,
  `tipo_archivo` varchar(100) COLLATE utf8mb4_unicode_ci DEFAULT NULL,
  `tamano_bytes` bigint DEFAULT NULL,
  `fecha_subida` datetime DEFAULT CURRENT_TIMESTAMP,
  PRIMARY KEY (`id_archivo`),
  KEY `idx_auditoria` (`id_auditoria`),
  KEY `idx_fecha` (`fecha_subida`),
  CONSTRAINT `AUDITORIA_ARCHIVO_ibfk_1` FOREIGN KEY (`id_auditoria`) REFERENCES `AUDITORIA` (`id_auditoria`) ON DELETE CASCADE
) ENGINE=InnoDB AUTO_INCREMENT=3 DEFAULT CHARSET=utf8mb4 COLLATE=utf8mb4_unicode_ci;
/*!40101 SET character_set_client = @saved_cs_client */;

--
-- Dumping data for table `AUDITORIA_ARCHIVO`
--

LOCK TABLES `AUDITORIA_ARCHIVO` WRITE;
/*!40000 ALTER TABLE `AUDITORIA_ARCHIVO` DISABLE KEYS */;
INSERT INTO `AUDITORIA_ARCHIVO` VALUES (1,1,'registro_paciente_001.pdf','uploads/auditoria/registro_paciente_001.pdf','application/pdf',256789,'2024-02-01 10:35:00'),(2,6,'modificacion_perfil_015.log','uploads/auditoria/modificacion_perfil_015.log','text/plain',4567,'2024-11-15 16:25:00');
/*!40000 ALTER TABLE `AUDITORIA_ARCHIVO` ENABLE KEYS */;
UNLOCK TABLES;

--
-- Table structure for table `BLOQUEO_PROGRAMACION`
--

DROP TABLE IF EXISTS `BLOQUEO_PROGRAMACION`;
/*!40101 SET @saved_cs_client     = @@character_set_client */;
/*!50503 SET character_set_client = utf8mb4 */;
CREATE TABLE `BLOQUEO_PROGRAMACION` (
  `id_bloqueo` int NOT NULL AUTO_INCREMENT,
  `fecha` date DEFAULT NULL,
  `hora_inicio` time DEFAULT NULL,
  `hora_fin` time DEFAULT NULL,
  `motivo` text,
  `estado` varchar(20) DEFAULT NULL,
  `id_programacion` int DEFAULT NULL,
  PRIMARY KEY (`id_bloqueo`),
  KEY `id_programacion` (`id_programacion`),
  CONSTRAINT `BLOQUEO_PROGRAMACION_ibfk_1` FOREIGN KEY (`id_programacion`) REFERENCES `PROGRAMACION` (`id_programacion`)
) ENGINE=InnoDB AUTO_INCREMENT=4 DEFAULT CHARSET=utf8mb4 COLLATE=utf8mb4_0900_ai_ci;
/*!40101 SET character_set_client = @saved_cs_client */;

--
-- Dumping data for table `BLOQUEO_PROGRAMACION`
--

LOCK TABLES `BLOQUEO_PROGRAMACION` WRITE;
/*!40000 ALTER TABLE `BLOQUEO_PROGRAMACION` DISABLE KEYS */;
INSERT INTO `BLOQUEO_PROGRAMACION` VALUES (1,'2024-12-20','08:00:00','12:00:00','Mantenimiento de consultorio','Activo',1),(2,'2024-12-24','08:00:00','18:00:00','Cierre por festividades','Activo',2),(3,'2024-12-25','08:00:00','18:00:00','Cierre por festividades','Activo',3);
/*!40000 ALTER TABLE `BLOQUEO_PROGRAMACION` ENABLE KEYS */;
UNLOCK TABLES;

--
-- Table structure for table `CATEGORIA`
--

DROP TABLE IF EXISTS `CATEGORIA`;
/*!40101 SET @saved_cs_client     = @@character_set_client */;
/*!50503 SET character_set_client = utf8mb4 */;
CREATE TABLE `CATEGORIA` (
  `id_categoria` int NOT NULL AUTO_INCREMENT,
  `nombre` varchar(100) DEFAULT NULL,
  `descripcion` text,
  `estado` varchar(20) DEFAULT NULL,
  PRIMARY KEY (`id_categoria`)
) ENGINE=InnoDB AUTO_INCREMENT=8 DEFAULT CHARSET=utf8mb4 COLLATE=utf8mb4_0900_ai_ci;
/*!40101 SET character_set_client = @saved_cs_client */;

--
-- Dumping data for table `CATEGORIA`
--

LOCK TABLES `CATEGORIA` WRITE;
/*!40000 ALTER TABLE `CATEGORIA` DISABLE KEYS */;
INSERT INTO `CATEGORIA` VALUES (1,'Consulta Médica','Consultas médicas generales y especializadas','Activo'),(2,'Exámenes','Exámenes de laboratorio y diagnóstico','Activo'),(3,'Cirugía','Procedimientos quirúrgicos','Activo'),(4,'Emergencia','Atención de emergencias médicas','Activo'),(5,'Vacunación','Servicios de vacunación','Activo'),(6,'Terapia','Terapias y rehabilitación','Activo'),(7,'Imagenología','Estudios de imagen (rayos X, ecografías, etc.)','Activo');
/*!40000 ALTER TABLE `CATEGORIA` ENABLE KEYS */;
UNLOCK TABLES;

--
-- Table structure for table `CITA`
--

DROP TABLE IF EXISTS `CITA`;
/*!40101 SET @saved_cs_client     = @@character_set_client */;
/*!50503 SET character_set_client = utf8mb4 */;
CREATE TABLE `CITA` (
  `id_cita` int NOT NULL AUTO_INCREMENT,
  `fecha_cita` date DEFAULT NULL,
  `hora_inicio` time DEFAULT NULL,
  `hora_fin` time DEFAULT NULL,
  `diagnostico` text,
  `observaciones` text,
  `estado` varchar(20) DEFAULT NULL,
  `id_reserva` int DEFAULT NULL,
  PRIMARY KEY (`id_cita`),
  KEY `id_reserva` (`id_reserva`),
  CONSTRAINT `CITA_ibfk_1` FOREIGN KEY (`id_reserva`) REFERENCES `RESERVA` (`id_reserva`)
) ENGINE=InnoDB AUTO_INCREMENT=35 DEFAULT CHARSET=utf8mb4 COLLATE=utf8mb4_0900_ai_ci;
/*!40101 SET character_set_client = @saved_cs_client */;

--
-- Dumping data for table `CITA`
--

LOCK TABLES `CITA` WRITE;
/*!40000 ALTER TABLE `CITA` DISABLE KEYS */;
INSERT INTO `CITA` VALUES (1,'2024-11-15','09:00:00','09:30:00','Hipertensión arterial controlada','Control cardiológico rutinario','Completada',1),(2,'2024-11-20','10:30:00','11:00:00','Desarrollo normal para la edad','Consulta pediátrica de rutina','Completada',2),(3,'2024-12-01','15:00:00','15:30:00',NULL,'Consulta dermatológica programada','Pendiente',3),(4,'2024-12-05','08:30:00','09:00:00',NULL,'Revisión traumatológica','Confirmada',4),(5,'2024-12-10','16:00:00','16:30:00',NULL,'Control ginecológico prenatal','Pendiente',5),(6,'2024-12-15','09:30:00','10:00:00',NULL,'Examen de vista programado','Confirmada',6),(7,'2025-11-04','08:00:00','08:30:00',NULL,'Consulta general','Pendiente',7),(8,'2025-11-04','08:00:00','08:30:00',NULL,'Control de rutina','Pendiente',9),(9,'2025-11-04','08:00:00','08:30:00',NULL,'Seguimiento','Pendiente',10),(10,'2025-11-04','08:00:00','08:30:00',NULL,'Primera consulta','Pendiente',11),(11,'2025-11-04','08:30:00','09:00:00',NULL,'Evaluación inicial','Pendiente',13),(12,'2025-11-04','08:30:00','09:00:00',NULL,'Consulta general','Pendiente',14),(13,'2025-11-04','08:30:00','09:00:00',NULL,'Control de rutina','Pendiente',15),(14,'2025-11-04','09:00:00','09:30:00',NULL,'Seguimiento','Pendiente',17),(15,'2025-11-04','09:00:00','09:30:00',NULL,'Primera consulta','Pendiente',18),(16,'2025-11-04','09:00:00','09:30:00',NULL,'Evaluación inicial','Pendiente',19),(17,'2025-11-04','09:00:00','09:30:00',NULL,'Consulta general','Pendiente',21),(18,'2025-11-04','09:00:00','09:30:00',NULL,'Control de rutina','Pendiente',22),(19,'2025-11-04','09:00:00','09:30:00',NULL,'Seguimiento','Pendiente',23),(20,'2025-11-04','09:00:00','09:30:00',NULL,'Primera consulta','Pendiente',25),(21,'2025-11-04','09:30:00','10:00:00',NULL,'Evaluación inicial','Pendiente',26),(22,'2025-11-04','07:00:00','07:30:00',NULL,'Consulta general','Pendiente',27),(23,'2025-11-04','07:00:00','07:30:00',NULL,'Control de rutina','Pendiente',29),(24,'2025-11-04','07:00:00','07:30:00',NULL,'Seguimiento','Pendiente',30),(25,'2025-11-04','07:00:00','07:30:00',NULL,'Primera consulta','Pendiente',31),(26,'2025-11-04','07:30:00','08:00:00',NULL,'Evaluación inicial','Pendiente',33),(27,'2025-11-04','07:30:00','08:00:00',NULL,'Consulta general','Pendiente',34),(28,'2025-11-04','07:30:00','08:00:00',NULL,'Control de rutina','Pendiente',35),(29,'2025-11-04','08:00:00','08:30:00',NULL,'Seguimiento','Pendiente',37),(30,'2025-11-04','08:00:00','08:30:00',NULL,'Primera consulta','Pendiente',38),(31,'2025-11-04','08:00:00','08:30:00',NULL,'Evaluación inicial','Pendiente',40),(32,'2025-11-04','08:00:00','08:30:00',NULL,'Consulta general','Pendiente',41),(33,'2025-11-04','08:00:00','08:30:00',NULL,'Control de rutina','Pendiente',42),(34,'2025-11-04','08:00:00','08:30:00',NULL,'Seguimiento','Pendiente',43);
/*!40000 ALTER TABLE `CITA` ENABLE KEYS */;
UNLOCK TABLES;

--
-- Table structure for table `DEPARTAMENTO`
--

DROP TABLE IF EXISTS `DEPARTAMENTO`;
/*!40101 SET @saved_cs_client     = @@character_set_client */;
/*!50503 SET character_set_client = utf8mb4 */;
CREATE TABLE `DEPARTAMENTO` (
  `id_departamento` int NOT NULL AUTO_INCREMENT,
  `nombre` varchar(100) NOT NULL,
  PRIMARY KEY (`id_departamento`)
) ENGINE=InnoDB AUTO_INCREMENT=26 DEFAULT CHARSET=utf8mb4 COLLATE=utf8mb4_0900_ai_ci;
/*!40101 SET character_set_client = @saved_cs_client */;

--
-- Dumping data for table `DEPARTAMENTO`
--

LOCK TABLES `DEPARTAMENTO` WRITE;
/*!40000 ALTER TABLE `DEPARTAMENTO` DISABLE KEYS */;
INSERT INTO `DEPARTAMENTO` VALUES (1,'Amazonas'),(2,'Áncash'),(3,'Apurímac'),(4,'Arequipa'),(5,'Ayacucho'),(6,'Cajamarca'),(7,'Callao'),(8,'Cusco'),(9,'Huancavelica'),(10,'Huánuco'),(11,'Ica'),(12,'Junín'),(13,'La Libertad'),(14,'Lambayeque'),(15,'Lima'),(16,'Loreto'),(17,'Madre de Dios'),(18,'Moquegua'),(19,'Pasco'),(20,'Piura'),(21,'Puno'),(22,'San Martín'),(23,'Tacna'),(24,'Tumbes'),(25,'Ucayali');
/*!40000 ALTER TABLE `DEPARTAMENTO` ENABLE KEYS */;
UNLOCK TABLES;

--
-- Table structure for table `DETALLE_MEDICAMENTO`
--

DROP TABLE IF EXISTS `DETALLE_MEDICAMENTO`;
/*!40101 SET @saved_cs_client     = @@character_set_client */;
/*!50503 SET character_set_client = utf8mb4 */;
CREATE TABLE `DETALLE_MEDICAMENTO` (
  `id_detalle` int NOT NULL AUTO_INCREMENT,
  `id_empleado` int DEFAULT NULL,
  `id_paciente` int DEFAULT NULL,
  `id_medicamento` int DEFAULT NULL,
  `cantidad` int NOT NULL,
  PRIMARY KEY (`id_detalle`),
  KEY `id_empleado` (`id_empleado`),
  KEY `id_paciente` (`id_paciente`),
  KEY `id_medicamento` (`id_medicamento`),
  CONSTRAINT `DETALLE_MEDICAMENTO_ibfk_1` FOREIGN KEY (`id_empleado`) REFERENCES `EMPLEADO` (`id_empleado`),
  CONSTRAINT `DETALLE_MEDICAMENTO_ibfk_2` FOREIGN KEY (`id_paciente`) REFERENCES `PACIENTE` (`id_paciente`),
  CONSTRAINT `DETALLE_MEDICAMENTO_ibfk_3` FOREIGN KEY (`id_medicamento`) REFERENCES `MEDICAMENTO` (`id_medicamento`)
) ENGINE=InnoDB AUTO_INCREMENT=2 DEFAULT CHARSET=utf8mb4 COLLATE=utf8mb4_0900_ai_ci;
/*!40101 SET character_set_client = @saved_cs_client */;

--
-- Dumping data for table `DETALLE_MEDICAMENTO`
--

LOCK TABLES `DETALLE_MEDICAMENTO` WRITE;
/*!40000 ALTER TABLE `DETALLE_MEDICAMENTO` DISABLE KEYS */;
INSERT INTO `DETALLE_MEDICAMENTO` VALUES (1,20,1,1,30);
/*!40000 ALTER TABLE `DETALLE_MEDICAMENTO` ENABLE KEYS */;
UNLOCK TABLES;

--
-- Table structure for table `DISTRITO`
--

DROP TABLE IF EXISTS `DISTRITO`;
/*!40101 SET @saved_cs_client     = @@character_set_client */;
/*!50503 SET character_set_client = utf8mb4 */;
CREATE TABLE `DISTRITO` (
  `id_distrito` int NOT NULL AUTO_INCREMENT,
  `nombre` varchar(100) NOT NULL,
  `id_provincia` int DEFAULT NULL,
  PRIMARY KEY (`id_distrito`),
  KEY `id_provincia` (`id_provincia`),
  CONSTRAINT `DISTRITO_ibfk_1` FOREIGN KEY (`id_provincia`) REFERENCES `PROVINCIA` (`id_provincia`)
) ENGINE=InnoDB AUTO_INCREMENT=250402 DEFAULT CHARSET=utf8mb4 COLLATE=utf8mb4_0900_ai_ci;
/*!40101 SET character_set_client = @saved_cs_client */;

--
-- Dumping data for table `DISTRITO`
--

LOCK TABLES `DISTRITO` WRITE;
/*!40000 ALTER TABLE `DISTRITO` DISABLE KEYS */;
INSERT INTO `DISTRITO` VALUES (10101,'Chachapoyas',101),(10102,'Asunción',101),(10103,'Balsas',101),(10104,'Cheto',101),(10105,'Chiliquin',101),(10106,'Chuquibamba',101),(10107,'Granada',101),(10108,'Huancas',101),(10109,'La Jalca',101),(10110,'Leimebamba',101),(10111,'Levanto',101),(10112,'Magdalena',101),(10113,'Mariscal Castilla',101),(10114,'Molinopampa',101),(10115,'Montevideo',101),(10116,'Olleros',101),(10117,'Quinjalca',101),(10118,'San Francisco de Daguas',101),(10119,'San Isidro de Maino',101),(10120,'Soloco',101),(10121,'Sonche',101),(10201,'Bagua',102),(10202,'Aramango',102),(10203,'Copallin',102),(10204,'El Parco',102),(10205,'Imaza',102),(10206,'La Peca',102),(10301,'Jumbilla',103),(10302,'Chisquilla',103),(10303,'Churuja',103),(10304,'Corosha',103),(10305,'Cuispes',103),(10306,'Florida',103),(10307,'Jazan',103),(10308,'Recta',103),(10309,'San Carlos',103),(10310,'Shipasbamba',103),(10311,'Valera',103),(10312,'Yambrasbamba',103),(10401,'Nieva',104),(10402,'El Cenepa',104),(10403,'Río Santiago',104),(10501,'Lamud',105),(10502,'Camporredondo',105),(10503,'Cocabamba',105),(10504,'Colcamar',105),(10505,'Conila',105),(10506,'Inguilpata',105),(10507,'Longuita',105),(10508,'Lonya Chico',105),(10509,'Luya',105),(10510,'Luya Viejo',105),(10511,'María',105),(10512,'Ocalli',105),(10513,'Ocumal',105),(10514,'Pisuquia',105),(10515,'Providencia',105),(10516,'San Cristóbal',105),(10517,'San Francisco de Yeso',105),(10518,'San Jerónimo',105),(10519,'San Juan de Lopecancha',105),(10520,'Santa Catalina',105),(10521,'Santo Tomas',105),(10522,'Tingo',105),(10523,'Trita',105),(10601,'San Nicolás',106),(10602,'Chirimoto',106),(10603,'Cochamal',106),(10604,'Huambo',106),(10605,'Limabamba',106),(10606,'Longar',106),(10607,'Mariscal Benavides',106),(10608,'Milpuc',106),(10609,'Omia',106),(10610,'Santa Rosa',106),(10611,'Totora',106),(10612,'Vista Alegre',106),(10701,'Bagua Grande',107),(10702,'Cajaruro',107),(10703,'Cumba',107),(10704,'El Milagro',107),(10705,'Jamalca',107),(10706,'Lonya Grande',107),(10707,'Yamon',107),(20101,'Huaraz',201),(20102,'Cochabamba',201),(20103,'Colcabamba',201),(20104,'Huanchay',201),(20105,'Independencia',201),(20106,'Jangas',201),(20107,'La Libertad',201),(20108,'Olleros',201),(20109,'Pampas Grande',201),(20110,'Pariacoto',201),(20111,'Pira',201),(20112,'Tarica',201),(20201,'Aija',202),(20202,'Coris',202),(20203,'Huacllan',202),(20204,'La Merced',202),(20205,'Succha',202),(20301,'Llamellin',203),(20302,'Aczo',203),(20303,'Chaccho',203),(20304,'Chingas',203),(20305,'Mirgas',203),(20306,'San Juan de Rontoy',203),(20401,'Chacas',204),(20402,'Acochaca',204),(20501,'Chiquian',205),(20502,'Abelardo Pardo Lezameta',205),(20503,'Antonio Raymondi',205),(20504,'Aquia',205),(20505,'Cajacay',205),(20506,'Canis',205),(20507,'Colquioc',205),(20508,'Huallanca',205),(20509,'Huasta',205),(20510,'Huayllacayan',205),(20511,'La Primavera',205),(20512,'Mangas',205),(20513,'Pacllon',205),(20514,'San Miguel de Corpanqui',205),(20515,'Ticllos',205),(20601,'Carhuaz',206),(20602,'Acopampa',206),(20603,'Amashca',206),(20604,'Anta',206),(20605,'Ataquero',206),(20606,'Marcara',206),(20607,'Pariahuanca',206),(20608,'San Miguel de Aco',206),(20609,'Shilla',206),(20610,'Tinco',206),(20611,'Yungar',206),(20701,'San Luis',207),(20702,'San Nicolás',207),(20703,'Yauya',207),(20801,'Casma',208),(20802,'Buena Vista Alta',208),(20803,'Comandante Noel',208),(20804,'Yautan',208),(20901,'Corongo',209),(20902,'Aco',209),(20903,'Bambas',209),(20904,'Cusca',209),(20905,'La Pampa',209),(20906,'Yanac',209),(20907,'Yupan',209),(21001,'Huari',210),(21002,'Anra',210),(21003,'Cajay',210),(21004,'Chavin de Huantar',210),(21005,'Huacachi',210),(21006,'Huacchis',210),(21007,'Huachis',210),(21008,'Huantar',210),(21009,'Masin',210),(21010,'Paucas',210),(21011,'Ponto',210),(21012,'Rahuapampa',210),(21013,'Rapayan',210),(21014,'San Marcos',210),(21015,'San Pedro de Chana',210),(21016,'Uco',210),(21101,'Huarmey',211),(21102,'Cochapeti',211),(21103,'Culebras',211),(21104,'Huayan',211),(21105,'Malvas',211),(21201,'Caraz',212),(21202,'Huallanca',212),(21203,'Huata',212),(21204,'Huaylas',212),(21205,'Mato',212),(21206,'Pamparomas',212),(21207,'Pueblo Libre',212),(21208,'Santa Cruz',212),(21209,'Santo Toribio',212),(21210,'Yuracmarca',212),(21301,'Piscobamba',213),(21302,'Casca',213),(21303,'Eleazar Guzmán Barron',213),(21304,'Fidel Olivas Escudero',213),(21305,'Llama',213),(21306,'Llumpa',213),(21307,'Lucma',213),(21308,'Musga',213),(21401,'Ocros',214),(21402,'Acas',214),(21403,'Cajamarquilla',214),(21404,'Carhuapampa',214),(21405,'Cochas',214),(21406,'Congas',214),(21407,'Llipa',214),(21408,'San Cristóbal de Rajan',214),(21409,'San Pedro',214),(21410,'Santiago de Chilcas',214),(21501,'Cabana',215),(21502,'Bolognesi',215),(21503,'Conchucos',215),(21504,'Huacaschuque',215),(21505,'Huandoval',215),(21506,'Lacabamba',215),(21507,'Llapo',215),(21508,'Pallasca',215),(21509,'Pampas',215),(21510,'Santa Rosa',215),(21511,'Tauca',215),(21601,'Pomabamba',216),(21602,'Huayllan',216),(21603,'Parobamba',216),(21604,'Quinuabamba',216),(21701,'Recuay',217),(21702,'Catac',217),(21703,'Cotaparaco',217),(21704,'Huayllapampa',217),(21705,'Llacllin',217),(21706,'Marca',217),(21707,'Pampas Chico',217),(21708,'Pararin',217),(21709,'Tapacocha',217),(21710,'Ticapampa',217),(21801,'Chimbote',218),(21802,'Cáceres del Perú',218),(21803,'Coishco',218),(21804,'Macate',218),(21805,'Moro',218),(21806,'Nepeña',218),(21807,'Samanco',218),(21808,'Santa',218),(21809,'Nuevo Chimbote',218),(21901,'Sihuas',219),(21902,'Acobamba',219),(21903,'Alfonso Ugarte',219),(21904,'Cashapampa',219),(21905,'Chingalpo',219),(21906,'Huayllabamba',219),(21907,'Quiches',219),(21908,'Ragash',219),(21909,'San Juan',219),(21910,'Sicsibamba',219),(22001,'Yungay',220),(22002,'Cascapara',220),(22003,'Mancos',220),(22004,'Matacoto',220),(22005,'Quillo',220),(22006,'Ranrahirca',220),(22007,'Shupluy',220),(22008,'Yanama',220),(30101,'Abancay',301),(30102,'Chacoche',301),(30103,'Circa',301),(30104,'Curahuasi',301),(30105,'Huanipaca',301),(30106,'Lambrama',301),(30107,'Pichirhua',301),(30108,'San Pedro de Cachora',301),(30109,'Tamburco',301),(30201,'Andahuaylas',302),(30202,'Andarapa',302),(30203,'Chiara',302),(30204,'Huancarama',302),(30205,'Huancaray',302),(30206,'Huayana',302),(30207,'Kishuara',302),(30208,'Pacobamba',302),(30209,'Pacucha',302),(30210,'Pampachiri',302),(30211,'Pomacocha',302),(30212,'San Antonio de Cachi',302),(30213,'San Jerónimo',302),(30214,'San Miguel de Chaccrampa',302),(30215,'Santa María de Chicmo',302),(30216,'Talavera',302),(30217,'Tumay Huaraca',302),(30218,'Turpo',302),(30219,'Kaquiabamba',302),(30220,'José María Arguedas',302),(30301,'Antabamba',303),(30302,'El Oro',303),(30303,'Huaquirca',303),(30304,'Juan Espinoza Medrano',303),(30305,'Oropesa',303),(30306,'Pachaconas',303),(30307,'Sabaino',303),(30401,'Chalhuanca',304),(30402,'Capaya',304),(30403,'Caraybamba',304),(30404,'Chapimarca',304),(30405,'Colcabamba',304),(30406,'Cotaruse',304),(30407,'Ihuayllo',304),(30408,'Justo Apu Sahuaraura',304),(30409,'Lucre',304),(30410,'Pocohuanca',304),(30411,'San Juan de Chacña',304),(30412,'Sañayca',304),(30413,'Soraya',304),(30414,'Tapairihua',304),(30415,'Tintay',304),(30416,'Toraya',304),(30417,'Yanaca',304),(30501,'Tambobamba',305),(30502,'Cotabambas',305),(30503,'Coyllurqui',305),(30504,'Haquira',305),(30505,'Mara',305),(30506,'Challhuahuacho',305),(30601,'Chincheros',306),(30602,'Anco_Huallo',306),(30603,'Cocharcas',306),(30604,'Huaccana',306),(30605,'Ocobamba',306),(30606,'Ongoy',306),(30607,'Uranmarca',306),(30608,'Ranracancha',306),(30609,'Rocchacc',306),(30610,'El Porvenir',306),(30611,'Los Chankas',306),(30701,'Chuquibambilla',307),(30702,'Curpahuasi',307),(30703,'Gamarra',307),(30704,'Huayllati',307),(30705,'Mamara',307),(30706,'Micaela Bastidas',307),(30707,'Pataypampa',307),(30708,'Progreso',307),(30709,'San Antonio',307),(30710,'Santa Rosa',307),(30711,'Turpay',307),(30712,'Vilcabamba',307),(30713,'Virundo',307),(30714,'Curasco',307),(40101,'Arequipa',401),(40102,'Alto Selva Alegre',401),(40103,'Cayma',401),(40104,'Cerro Colorado',401),(40105,'Characato',401),(40106,'Chiguata',401),(40107,'Jacobo Hunter',401),(40108,'La Joya',401),(40109,'Mariano Melgar',401),(40110,'Miraflores',401),(40111,'Mollebaya',401),(40112,'Paucarpata',401),(40113,'Pocsi',401),(40114,'Polobaya',401),(40115,'Quequeña',401),(40116,'Sabandia',401),(40117,'Sachaca',401),(40118,'San Juan de Siguas',401),(40119,'San Juan de Tarucani',401),(40120,'Santa Isabel de Siguas',401),(40121,'Santa Rita de Siguas',401),(40122,'Socabaya',401),(40123,'Tiabaya',401),(40124,'Uchumayo',401),(40125,'Vitor',401),(40126,'Yanahuara',401),(40127,'Yarabamba',401),(40128,'Yura',401),(40129,'José Luis Bustamante Y Rivero',401),(40201,'Camaná',402),(40202,'José María Quimper',402),(40203,'Mariano Nicolás Valcárcel',402),(40204,'Mariscal Cáceres',402),(40205,'Nicolás de Pierola',402),(40206,'Ocoña',402),(40207,'Quilca',402),(40208,'Samuel Pastor',402),(40301,'Caravelí',403),(40302,'Acarí',403),(40303,'Atico',403),(40304,'Atiquipa',403),(40305,'Bella Unión',403),(40306,'Cahuacho',403),(40307,'Chala',403),(40308,'Chaparra',403),(40309,'Huanuhuanu',403),(40310,'Jaqui',403),(40311,'Lomas',403),(40312,'Quicacha',403),(40313,'Yauca',403),(40401,'Aplao',404),(40402,'Andagua',404),(40403,'Ayo',404),(40404,'Chachas',404),(40405,'Chilcaymarca',404),(40406,'Choco',404),(40407,'Huancarqui',404),(40408,'Machaguay',404),(40409,'Orcopampa',404),(40410,'Pampacolca',404),(40411,'Tipan',404),(40412,'Uñon',404),(40413,'Uraca',404),(40414,'Viraco',404),(40501,'Chivay',405),(40502,'Achoma',405),(40503,'Cabanaconde',405),(40504,'Callalli',405),(40505,'Caylloma',405),(40506,'Coporaque',405),(40507,'Huambo',405),(40508,'Huanca',405),(40509,'Ichupampa',405),(40510,'Lari',405),(40511,'Lluta',405),(40512,'Maca',405),(40513,'Madrigal',405),(40514,'San Antonio de Chuca',405),(40515,'Sibayo',405),(40516,'Tapay',405),(40517,'Tisco',405),(40518,'Tuti',405),(40519,'Yanque',405),(40520,'Majes',405),(40601,'Chuquibamba',406),(40602,'Andaray',406),(40603,'Cayarani',406),(40604,'Chichas',406),(40605,'Iray',406),(40606,'Río Grande',406),(40607,'Salamanca',406),(40608,'Yanaquihua',406),(40701,'Mollendo',407),(40702,'Cocachacra',407),(40703,'Dean Valdivia',407),(40704,'Islay',407),(40705,'Mejia',407),(40706,'Punta de Bombón',407),(40801,'Cotahuasi',408),(40802,'Alca',408),(40803,'Charcana',408),(40804,'Huaynacotas',408),(40805,'Pampamarca',408),(40806,'Puyca',408),(40807,'Quechualla',408),(40808,'Sayla',408),(40809,'Tauria',408),(40810,'Tomepampa',408),(40811,'Toro',408),(50101,'Ayacucho',501),(50102,'Acocro',501),(50103,'Acos Vinchos',501),(50104,'Carmen Alto',501),(50105,'Chiara',501),(50106,'Ocros',501),(50107,'Pacaycasa',501),(50108,'Quinua',501),(50109,'San José de Ticllas',501),(50110,'San Juan Bautista',501),(50111,'Santiago de Pischa',501),(50112,'Socos',501),(50113,'Tambillo',501),(50114,'Vinchos',501),(50115,'Jesús Nazareno',501),(50116,'Andrés Avelino Cáceres Dorregaray',501),(50201,'Cangallo',502),(50202,'Chuschi',502),(50203,'Los Morochucos',502),(50204,'María Parado de Bellido',502),(50205,'Paras',502),(50206,'Totos',502),(50301,'Sancos',503),(50302,'Carapo',503),(50303,'Sacsamarca',503),(50304,'Santiago de Lucanamarca',503),(50401,'Huanta',504),(50402,'Ayahuanco',504),(50403,'Huamanguilla',504),(50404,'Iguain',504),(50405,'Luricocha',504),(50406,'Santillana',504),(50407,'Sivia',504),(50408,'Llochegua',504),(50409,'Canayre',504),(50410,'Uchuraccay',504),(50411,'Pucacolpa',504),(50412,'Chaca',504),(50501,'San Miguel',505),(50502,'Anco',505),(50503,'Ayna',505),(50504,'Chilcas',505),(50505,'Chungui',505),(50506,'Luis Carranza',505),(50507,'Santa Rosa',505),(50508,'Tambo',505),(50509,'Samugari',505),(50510,'Anchihuay',505),(50511,'Oronccoy',505),(50601,'Puquio',506),(50602,'Aucara',506),(50603,'Cabana',506),(50604,'Carmen Salcedo',506),(50605,'Chaviña',506),(50606,'Chipao',506),(50607,'Huac-Huas',506),(50608,'Laramate',506),(50609,'Leoncio Prado',506),(50610,'Llauta',506),(50611,'Lucanas',506),(50612,'Ocaña',506),(50613,'Otoca',506),(50614,'Saisa',506),(50615,'San Cristóbal',506),(50616,'San Juan',506),(50617,'San Pedro',506),(50618,'San Pedro de Palco',506),(50619,'Sancos',506),(50620,'Santa Ana de Huaycahuacho',506),(50621,'Santa Lucia',506),(50701,'Coracora',507),(50702,'Chumpi',507),(50703,'Coronel Castañeda',507),(50704,'Pacapausa',507),(50705,'Pullo',507),(50706,'Puyusca',507),(50707,'San Francisco de Ravacayco',507),(50708,'Upahuacho',507),(50801,'Pausa',508),(50802,'Colta',508),(50803,'Corculla',508),(50804,'Lampa',508),(50805,'Marcabamba',508),(50806,'Oyolo',508),(50807,'Pararca',508),(50808,'San Javier de Alpabamba',508),(50809,'San José de Ushua',508),(50810,'Sara Sara',508),(50901,'Querobamba',509),(50902,'Belén',509),(50903,'Chalcos',509),(50904,'Chilcayoc',509),(50905,'Huacaña',509),(50906,'Morcolla',509),(50907,'Paico',509),(50908,'San Pedro de Larcay',509),(50909,'San Salvador de Quije',509),(50910,'Santiago de Paucaray',509),(50911,'Soras',509),(51001,'Huancapi',510),(51002,'Alcamenca',510),(51003,'Apongo',510),(51004,'Asquipata',510),(51005,'Canaria',510),(51006,'Cayara',510),(51007,'Colca',510),(51008,'Huamanquiquia',510),(51009,'Huancaraylla',510),(51010,'Hualla',510),(51011,'Sarhua',510),(51012,'Vilcanchos',510),(51101,'Vilcas Huaman',511),(51102,'Accomarca',511),(51103,'Carhuanca',511),(51104,'Concepción',511),(51105,'Huambalpa',511),(51106,'Independencia',511),(51107,'Saurama',511),(51108,'Vischongo',511),(60101,'Cajamarca',601),(60102,'Asunción',601),(60103,'Chetilla',601),(60104,'Cospan',601),(60105,'Encañada',601),(60106,'Jesús',601),(60107,'Llacanora',601),(60108,'Los Baños del Inca',601),(60109,'Magdalena',601),(60110,'Matara',601),(60111,'Namora',601),(60112,'San Juan',601),(60201,'Cajabamba',602),(60202,'Cachachi',602),(60203,'Condebamba',602),(60204,'Sitacocha',602),(60301,'Celendín',603),(60302,'Chumuch',603),(60303,'Cortegana',603),(60304,'Huasmin',603),(60305,'Jorge Chávez',603),(60306,'José Gálvez',603),(60307,'Miguel Iglesias',603),(60308,'Oxamarca',603),(60309,'Sorochuco',603),(60310,'Sucre',603),(60311,'Utco',603),(60312,'La Libertad de Pallan',603),(60401,'Chota',604),(60402,'Anguia',604),(60403,'Chadin',604),(60404,'Chiguirip',604),(60405,'Chimban',604),(60406,'Choropampa',604),(60407,'Cochabamba',604),(60408,'Conchan',604),(60409,'Huambos',604),(60410,'Lajas',604),(60411,'Llama',604),(60412,'Miracosta',604),(60413,'Paccha',604),(60414,'Pion',604),(60415,'Querocoto',604),(60416,'San Juan de Licupis',604),(60417,'Tacabamba',604),(60418,'Tocmoche',604),(60419,'Chalamarca',604),(60501,'Contumaza',605),(60502,'Chilete',605),(60503,'Cupisnique',605),(60504,'Guzmango',605),(60505,'San Benito',605),(60506,'Santa Cruz de Toledo',605),(60507,'Tantarica',605),(60508,'Yonan',605),(60601,'Cutervo',606),(60602,'Callayuc',606),(60603,'Choros',606),(60604,'Cujillo',606),(60605,'La Ramada',606),(60606,'Pimpingos',606),(60607,'Querocotillo',606),(60608,'San Andrés de Cutervo',606),(60609,'San Juan de Cutervo',606),(60610,'San Luis de Lucma',606),(60611,'Santa Cruz',606),(60612,'Santo Domingo de la Capilla',606),(60613,'Santo Tomas',606),(60614,'Socota',606),(60615,'Toribio Casanova',606),(60701,'Bambamarca',607),(60702,'Chugur',607),(60703,'Hualgayoc',607),(60801,'Jaén',608),(60802,'Bellavista',608),(60803,'Chontali',608),(60804,'Colasay',608),(60805,'Huabal',608),(60806,'Las Pirias',608),(60807,'Pomahuaca',608),(60808,'Pucara',608),(60809,'Sallique',608),(60810,'San Felipe',608),(60811,'San José del Alto',608),(60812,'Santa Rosa',608),(60901,'San Ignacio',609),(60902,'Chirinos',609),(60903,'Huarango',609),(60904,'La Coipa',609),(60905,'Namballe',609),(60906,'San José de Lourdes',609),(60907,'Tabaconas',609),(61001,'Pedro Gálvez',610),(61002,'Chancay',610),(61003,'Eduardo Villanueva',610),(61004,'Gregorio Pita',610),(61005,'Ichocan',610),(61006,'José Manuel Quiroz',610),(61007,'José Sabogal',610),(61101,'San Miguel',611),(61102,'Bolívar',611),(61103,'Calquis',611),(61104,'Catilluc',611),(61105,'El Prado',611),(61106,'La Florida',611),(61107,'Llapa',611),(61108,'Nanchoc',611),(61109,'Niepos',611),(61110,'San Gregorio',611),(61111,'San Silvestre de Cochan',611),(61112,'Tongod',611),(61113,'Unión Agua Blanca',611),(61201,'San Pablo',612),(61202,'San Bernardino',612),(61203,'San Luis',612),(61204,'Tumbaden',612),(61301,'Santa Cruz',613),(61302,'Andabamba',613),(61303,'Catache',613),(61304,'Chancaybaños',613),(61305,'La Esperanza',613),(61306,'Ninabamba',613),(61307,'Pulan',613),(61308,'Saucepampa',613),(61309,'Sexi',613),(61310,'Uticyacu',613),(61311,'Yauyucan',613),(70101,'Callao',701),(70102,'Bellavista',701),(70103,'Carmen de la Legua Reynoso',701),(70104,'La Perla',701),(70105,'La Punta',701),(70106,'Ventanilla',701),(70107,'Mi Perú',701),(80101,'Cusco',801),(80102,'Ccorca',801),(80103,'Poroy',801),(80104,'San Jerónimo',801),(80105,'San Sebastian',801),(80106,'Santiago',801),(80107,'Saylla',801),(80108,'Wanchaq',801),(80201,'Acomayo',802),(80202,'Acopia',802),(80203,'Acos',802),(80204,'Mosoc Llacta',802),(80205,'Pomacanchi',802),(80206,'Rondocan',802),(80207,'Sangarara',802),(80301,'Anta',803),(80302,'Ancahuasi',803),(80303,'Cachimayo',803),(80304,'Chinchaypujio',803),(80305,'Huarocondo',803),(80306,'Limatambo',803),(80307,'Mollepata',803),(80308,'Pucyura',803),(80309,'Zurite',803),(80401,'Calca',804),(80402,'Coya',804),(80403,'Lamay',804),(80404,'Lares',804),(80405,'Pisac',804),(80406,'San Salvador',804),(80407,'Taray',804),(80408,'Yanatile',804),(80501,'Yanaoca',805),(80502,'Checca',805),(80503,'Kunturkanki',805),(80504,'Langui',805),(80505,'Layo',805),(80506,'Pampamarca',805),(80507,'Quehue',805),(80508,'Tupac Amaru',805),(80601,'Sicuani',806),(80602,'Checacupe',806),(80603,'Combapata',806),(80604,'Marangani',806),(80605,'Pitumarca',806),(80606,'San Pablo',806),(80607,'San Pedro',806),(80608,'Tinta',806),(80701,'Santo Tomas',807),(80702,'Capacmarca',807),(80703,'Chamaca',807),(80704,'Colquemarca',807),(80705,'Livitaca',807),(80706,'Llusco',807),(80707,'Quiñota',807),(80708,'Velille',807),(80801,'Espinar',808),(80802,'Condoroma',808),(80803,'Coporaque',808),(80804,'Ocoruro',808),(80805,'Pallpata',808),(80806,'Pichigua',808),(80807,'Suyckutambo',808),(80808,'Alto Pichigua',808),(80901,'Santa Ana',809),(80902,'Echarate',809),(80903,'Huayopata',809),(80904,'Maranura',809),(80905,'Ocobamba',809),(80906,'Quellouno',809),(80907,'Kimbiri',809),(80908,'Santa Teresa',809),(80909,'Vilcabamba',809),(80910,'Pichari',809),(80911,'Inkawasi',809),(80912,'Villa Virgen',809),(80913,'Villa Kintiarina',809),(80914,'Megantoni',809),(81001,'Paruro',810),(81002,'Accha',810),(81003,'Ccapi',810),(81004,'Colcha',810),(81005,'Huanoquite',810),(81006,'Omachaç',810),(81007,'Paccaritambo',810),(81008,'Pillpinto',810),(81009,'Yaurisque',810),(81101,'Paucartambo',811),(81102,'Caicay',811),(81103,'Challabamba',811),(81104,'Colquepata',811),(81105,'Huancarani',811),(81106,'Kosñipata',811),(81201,'Urcos',812),(81202,'Andahuaylillas',812),(81203,'Camanti',812),(81204,'Ccarhuayo',812),(81205,'Ccatca',812),(81206,'Cusipata',812),(81207,'Huaro',812),(81208,'Lucre',812),(81209,'Marcapata',812),(81210,'Ocongate',812),(81211,'Oropesa',812),(81212,'Quiquijana',812),(81301,'Urubamba',813),(81302,'Chinchero',813),(81303,'Huayllabamba',813),(81304,'Machupicchu',813),(81305,'Maras',813),(81306,'Ollantaytambo',813),(81307,'Yucay',813),(90101,'Huancavelica',901),(90102,'Acobambilla',901),(90103,'Acoria',901),(90104,'Conayca',901),(90105,'Cuenca',901),(90106,'Huachocolpa',901),(90107,'Huayllahuara',901),(90108,'Izcuchaca',901),(90109,'Laria',901),(90110,'Manta',901),(90111,'Mariscal Cáceres',901),(90112,'Moya',901),(90113,'Nuevo Occoro',901),(90114,'Palca',901),(90115,'Pilchaca',901),(90116,'Vilca',901),(90117,'Yauli',901),(90118,'Ascensión',901),(90119,'Huando',901),(90201,'Acobamba',902),(90202,'Andabamba',902),(90203,'Anta',902),(90204,'Caja',902),(90205,'Marcas',902),(90206,'Paucara',902),(90207,'Pomacocha',902),(90208,'Rosario',902),(90301,'Lircay',903),(90302,'Anchonga',903),(90303,'Callanmarca',903),(90304,'Ccochaccasa',903),(90305,'Chincho',903),(90306,'Congalla',903),(90307,'Huanca-Huanca',903),(90308,'Huayllay Grande',903),(90309,'Julcamarca',903),(90310,'San Antonio de Antaparco',903),(90311,'Santo Tomas de Pata',903),(90312,'Secclla',903),(90401,'Castrovirreyna',904),(90402,'Arma',904),(90403,'Aurahua',904),(90404,'Capillas',904),(90405,'Chupamarca',904),(90406,'Cocas',904),(90407,'Huachos',904),(90408,'Huamatambo',904),(90409,'Mollepampa',904),(90410,'San Juan',904),(90411,'Santa Ana',904),(90412,'Tantara',904),(90413,'Ticrapo',904),(90501,'Churcampa',905),(90502,'Anco',905),(90503,'Chinchihuasi',905),(90504,'El Carmen',905),(90505,'La Merced',905),(90506,'Locroja',905),(90507,'Paucarbamba',905),(90508,'San Miguel de Mayocc',905),(90509,'San Pedro de Coris',905),(90510,'Pachamarca',905),(90511,'Cosme',905),(90601,'Huaytara',906),(90602,'Ayavi',906),(90603,'Córdova',906),(90604,'Huayacundo Arma',906),(90605,'Laramarca',906),(90606,'Ocoyo',906),(90607,'Pilpichaca',906),(90608,'Querco',906),(90609,'Quito-Arma',906),(90610,'San Antonio de Cusicancha',906),(90611,'San Francisco de Sangayaico',906),(90612,'San Isidro',906),(90613,'Santiago de Chocorvos',906),(90614,'Santiago de Quirahuara',906),(90615,'Santo Domingo de Capillas',906),(90616,'Tambo',906),(90701,'Pampas',907),(90702,'Acostambo',907),(90703,'Acraquia',907),(90704,'Ahuaycha',907),(90705,'Colcabamba',907),(90706,'Daniel Hernández',907),(90707,'Huachocolpa',907),(90709,'Huaribamba',907),(90710,'Ñahuimpuquio',907),(90711,'Pazos',907),(90713,'Quishuar',907),(90714,'Salcabamba',907),(90715,'Salcahuasi',907),(90716,'San Marcos de Rocchac',907),(90717,'Surcubamba',907),(90718,'Tintay Puncu',907),(90719,'Quichuas',907),(90720,'Andaymarca',907),(90721,'Roble',907),(90722,'Pichos',907),(90723,'Santiago de Tucuma',907),(100101,'Huanuco',1001),(100102,'Amarilis',1001),(100103,'Chinchao',1001),(100104,'Churubamba',1001),(100105,'Margos',1001),(100106,'Quisqui (Kichki)',1001),(100107,'San Francisco de Cayran',1001),(100108,'San Pedro de Chaulan',1001),(100109,'Santa María del Valle',1001),(100110,'Yarumayo',1001),(100111,'Pillco Marca',1001),(100112,'Yacus',1001),(100113,'San Pablo de Pillao',1001),(100201,'Ambo',1002),(100202,'Cayna',1002),(100203,'Colpas',1002),(100204,'Conchamarca',1002),(100205,'Huacar',1002),(100206,'San Francisco',1002),(100207,'San Rafael',1002),(100208,'Tomay Kichwa',1002),(100301,'La Unión',1003),(100307,'Chuquis',1003),(100311,'Marías',1003),(100313,'Pachas',1003),(100316,'Quivilla',1003),(100317,'Ripan',1003),(100321,'Shunqui',1003),(100322,'Sillapata',1003),(100323,'Yanas',1003),(100401,'Huacaybamba',1004),(100402,'Canchabamba',1004),(100403,'Cochabamba',1004),(100404,'Pinra',1004),(100501,'Llata',1005),(100502,'Arancay',1005),(100503,'Chavín de Pariarca',1005),(100504,'Jacas Grande',1005),(100505,'Jircan',1005),(100506,'Miraflores',1005),(100507,'Monzón',1005),(100508,'Punchao',1005),(100509,'Puños',1005),(100510,'Singa',1005),(100511,'Tantamayo',1005),(100601,'Rupa-Rupa',1006),(100602,'Daniel Alomía Robles',1006),(100603,'Hermílio Valdizan',1006),(100604,'José Crespo y Castillo',1006),(100605,'Luyando',1006),(100606,'Mariano Damaso Beraun',1006),(100607,'Pucayacu',1006),(100608,'Castillo Grande',1006),(100609,'Pueblo Nuevo',1006),(100610,'Santo Domingo de Anda',1006),(100701,'Huacrachuco',1007),(100702,'Cholon',1007),(100703,'San Buenaventura',1007),(100704,'La Morada',1007),(100705,'Santa Rosa de Alto Yanajanca',1007),(100801,'Panao',1008),(100802,'Chaglla',1008),(100803,'Molino',1008),(100804,'Umari',1008),(100901,'Puerto Inca',1009),(100902,'Codo del Pozuzo',1009),(100903,'Honoria',1009),(100904,'Tournavista',1009),(100905,'Yuyapichis',1009),(101001,'Jesús',1010),(101002,'Baños',1010),(101003,'Jivia',1010),(101004,'Queropalca',1010),(101005,'Rondos',1010),(101006,'San Francisco de Asís',1010),(101007,'San Miguel de Cauri',1010),(101101,'Chavinillo',1011),(101102,'Cahuac',1011),(101103,'Chacabamba',1011),(101104,'Aparicio Pomares',1011),(101105,'Jacas Chico',1011),(101106,'Obas',1011),(101107,'Pampamarca',1011),(101108,'Choras',1011),(110101,'Ica',1101),(110102,'La Tinguiña',1101),(110103,'Los Aquijes',1101),(110104,'Ocucaje',1101),(110105,'Pachacutec',1101),(110106,'Parcona',1101),(110107,'Pueblo Nuevo',1101),(110108,'Salas',1101),(110109,'San José de Los Molinos',1101),(110110,'San Juan Bautista',1101),(110111,'Santiago',1101),(110112,'Subtanjalla',1101),(110113,'Tate',1101),(110114,'Yauca del Rosario',1101),(110201,'Chincha Alta',1102),(110202,'Alto Laran',1102),(110203,'Chavin',1102),(110204,'Chincha Baja',1102),(110205,'El Carmen',1102),(110206,'Grocio Prado',1102),(110207,'Pueblo Nuevo',1102),(110208,'San Juan de Yanac',1102),(110209,'San Pedro de Huacarpana',1102),(110210,'Sunampe',1102),(110211,'Tambo de Mora',1102),(110301,'Nasca',1103),(110302,'Changuillo',1103),(110303,'El Ingenio',1103),(110304,'Marcona',1103),(110305,'Vista Alegre',1103),(110401,'Palpa',1104),(110402,'Llipata',1104),(110403,'Río Grande',1104),(110404,'Santa Cruz',1104),(110405,'Tibillo',1104),(110501,'Pisco',1105),(110502,'Huancano',1105),(110503,'Humay',1105),(110504,'Independencia',1105),(110505,'Paracas',1105),(110506,'San Andrés',1105),(110507,'San Clemente',1105),(110508,'Tupac Amaru Inca',1105),(120101,'Huancayo',1201),(120104,'Carhuacallanga',1201),(120105,'Chacapampa',1201),(120106,'Chicche',1201),(120107,'Chilca',1201),(120108,'Chongos Alto',1201),(120111,'Chupuro',1201),(120112,'Colca',1201),(120113,'Cullhuas',1201),(120114,'El Tambo',1201),(120116,'Huacrapuquio',1201),(120117,'Hualhuas',1201),(120119,'Huancan',1201),(120120,'Huasicancha',1201),(120121,'Huayucachi',1201),(120122,'Ingenio',1201),(120124,'Pariahuanca',1201),(120125,'Pilcomayo',1201),(120126,'Pucara',1201),(120127,'Quichuay',1201),(120128,'Quilcas',1201),(120129,'San Agustín',1201),(120130,'San Jerónimo de Tunan',1201),(120132,'Saño',1201),(120133,'Sapallanga',1201),(120134,'Sicaya',1201),(120135,'Santo Domingo de Acobamba',1201),(120136,'Viques',1201),(120201,'Concepción',1202),(120202,'Aco',1202),(120203,'Andamarca',1202),(120204,'Chambara',1202),(120205,'Cochas',1202),(120206,'Comas',1202),(120207,'Heroínas Toledo',1202),(120208,'Manzanares',1202),(120209,'Mariscal Castilla',1202),(120210,'Matahuasi',1202),(120211,'Mito',1202),(120212,'Nueve de Julio',1202),(120213,'Orcotuna',1202),(120214,'San José de Quero',1202),(120215,'Santa Rosa de Ocopa',1202),(120301,'Chanchamayo',1203),(120302,'Perene',1203),(120303,'Pichanaqui',1203),(120304,'San Luis de Shuaro',1203),(120305,'San Ramón',1203),(120306,'Vitoc',1203),(120401,'Jauja',1204),(120402,'Acolla',1204),(120403,'Apata',1204),(120404,'Ataura',1204),(120405,'Canchayllo',1204),(120406,'Curicaca',1204),(120407,'El Mantaro',1204),(120408,'Huamali',1204),(120409,'Huaripampa',1204),(120410,'Huertas',1204),(120411,'Janjaillo',1204),(120412,'Julcán',1204),(120413,'Leonor Ordóñez',1204),(120414,'Llocllapampa',1204),(120415,'Marco',1204),(120416,'Masma',1204),(120417,'Masma Chicche',1204),(120418,'Molinos',1204),(120419,'Monobamba',1204),(120420,'Muqui',1204),(120421,'Muquiyauyo',1204),(120422,'Paca',1204),(120423,'Paccha',1204),(120424,'Pancan',1204),(120425,'Parco',1204),(120426,'Pomacancha',1204),(120427,'Ricran',1204),(120428,'San Lorenzo',1204),(120429,'San Pedro de Chunan',1204),(120430,'Sausa',1204),(120431,'Sincos',1204),(120432,'Tunan Marca',1204),(120433,'Yauli',1204),(120434,'Yauyos',1204),(120501,'Junin',1205),(120502,'Carhuamayo',1205),(120503,'Ondores',1205),(120504,'Ulcumayo',1205),(120601,'Satipo',1206),(120602,'Coviriali',1206),(120603,'Llaylla',1206),(120604,'Mazamari',1206),(120605,'Pampa Hermosa',1206),(120606,'Pangoa',1206),(120607,'Río Negro',1206),(120608,'Río Tambo',1206),(120609,'Vizcatan del Ene',1206),(120701,'Tarma',1207),(120702,'Acobamba',1207),(120703,'Huaricolca',1207),(120704,'Huasahuasi',1207),(120705,'La Unión',1207),(120706,'Palca',1207),(120707,'Palcamayo',1207),(120708,'San Pedro de Cajas',1207),(120709,'Tapo',1207),(120801,'La Oroya',1208),(120802,'Chacapalpa',1208),(120803,'Huay-Huay',1208),(120804,'Marcapomacocha',1208),(120805,'Morococha',1208),(120806,'Paccha',1208),(120807,'Santa Bárbara de Carhuacayan',1208),(120808,'Santa Rosa de Sacco',1208),(120809,'Suitucancha',1208),(120810,'Yauli',1208),(120901,'Chupaca',1209),(120902,'Ahuac',1209),(120903,'Chongos Bajo',1209),(120904,'Huachac',1209),(120905,'Huamancaca Chico',1209),(120906,'San Juan de Iscos',1209),(120907,'San Juan de Jarpa',1209),(120908,'Tres de Diciembre',1209),(120909,'Yanacancha',1209),(130101,'Trujillo',1301),(130102,'El Porvenir',1301),(130103,'Florencia de Mora',1301),(130104,'Huanchaco',1301),(130105,'La Esperanza',1301),(130106,'Laredo',1301),(130107,'Moche',1301),(130108,'Poroto',1301),(130109,'Salaverry',1301),(130110,'Simbal',1301),(130111,'Victor Larco Herrera',1301),(130201,'Ascope',1302),(130202,'Chicama',1302),(130203,'Chocope',1302),(130204,'Magdalena de Cao',1302),(130205,'Paijan',1302),(130206,'Rázuri',1302),(130207,'Santiago de Cao',1302),(130208,'Casa Grande',1302),(130301,'Bolívar',1303),(130302,'Bambamarca',1303),(130303,'Condormarca',1303),(130304,'Longotea',1303),(130305,'Uchumarca',1303),(130306,'Ucuncha',1303),(130401,'Chepen',1304),(130402,'Pacanga',1304),(130403,'Pueblo Nuevo',1304),(130501,'Julcan',1305),(130502,'Calamarca',1305),(130503,'Carabamba',1305),(130504,'Huaso',1305),(130601,'Otuzco',1306),(130602,'Agallpampa',1306),(130604,'Charat',1306),(130605,'Huaranchal',1306),(130606,'La Cuesta',1306),(130608,'Mache',1306),(130610,'Paranday',1306),(130611,'Salpo',1306),(130613,'Sinsicap',1306),(130614,'Usquil',1306),(130701,'San Pedro de Lloc',1307),(130702,'Guadalupe',1307),(130703,'Jequetepeque',1307),(130704,'Pacasmayo',1307),(130705,'San José',1307),(130801,'Tayabamba',1308),(130802,'Buldibuyo',1308),(130803,'Chillia',1308),(130804,'Huancaspata',1308),(130805,'Huaylillas',1308),(130806,'Huayo',1308),(130807,'Ongon',1308),(130808,'Parcoy',1308),(130809,'Pataz',1308),(130810,'Pias',1308),(130811,'Santiago de Challas',1308),(130812,'Taurija',1308),(130813,'Urpay',1308),(130901,'Huamachuco',1309),(130902,'Chugay',1309),(130903,'Cochorco',1309),(130904,'Curgos',1309),(130905,'Marcabal',1309),(130906,'Sanagoran',1309),(130907,'Sarin',1309),(130908,'Sartimbamba',1309),(131001,'Santiago de Chuco',1310),(131002,'Angasmarca',1310),(131003,'Cachicadan',1310),(131004,'Mollebamba',1310),(131005,'Mollepata',1310),(131006,'Quiruvilca',1310),(131007,'Santa Cruz de Chuca',1310),(131008,'Sitabamba',1310),(131101,'Cascas',1311),(131102,'Lucma',1311),(131103,'Marmot',1311),(131104,'Sayapullo',1311),(131201,'Viru',1312),(131202,'Chao',1312),(131203,'Guadalupito',1312),(140101,'Chiclayo',1401),(140102,'Chongoyape',1401),(140103,'Eten',1401),(140104,'Eten Puerto',1401),(140105,'José Leonardo Ortiz',1401),(140106,'La Victoria',1401),(140107,'Lagunas',1401),(140108,'Monsefu',1401),(140109,'Nueva Arica',1401),(140110,'Oyotun',1401),(140111,'Picsi',1401),(140112,'Pimentel',1401),(140113,'Reque',1401),(140114,'Santa Rosa',1401),(140115,'Saña',1401),(140116,'Cayalti',1401),(140117,'Patapo',1401),(140118,'Pomalca',1401),(140119,'Pucala',1401),(140120,'Tuman',1401),(140201,'Ferreñafe',1402),(140202,'Cañaris',1402),(140203,'Incahuasi',1402),(140204,'Manuel Antonio Mesones Muro',1402),(140205,'Pitipo',1402),(140206,'Pueblo Nuevo',1402),(140301,'Lambayeque',1403),(140302,'Chochope',1403),(140303,'Illimo',1403),(140304,'Jayanca',1403),(140305,'Mochumi',1403),(140306,'Morrope',1403),(140307,'Motupe',1403),(140308,'Olmos',1403),(140309,'Pacora',1403),(140310,'Salas',1403),(140311,'San José',1403),(140312,'Tucume',1403),(150101,'Lima',1501),(150102,'Ancón',1501),(150103,'Ate',1501),(150104,'Barranco',1501),(150105,'Breña',1501),(150106,'Carabayllo',1501),(150107,'Chaclacayo',1501),(150108,'Chorrillos',1501),(150109,'Cieneguilla',1501),(150110,'Comas',1501),(150111,'El Agustino',1501),(150112,'Independencia',1501),(150113,'Jesús María',1501),(150114,'La Molina',1501),(150115,'La Victoria',1501),(150116,'Lince',1501),(150117,'Los Olivos',1501),(150118,'Lurigancho',1501),(150119,'Lurin',1501),(150120,'Magdalena del Mar',1501),(150121,'Pueblo Libre',1501),(150122,'Miraflores',1501),(150123,'Pachacamac',1501),(150124,'Pucusana',1501),(150125,'Puente Piedra',1501),(150126,'Punta Hermosa',1501),(150127,'Punta Negra',1501),(150128,'Rímac',1501),(150129,'San Bartolo',1501),(150130,'San Borja',1501),(150131,'San Isidro',1501),(150132,'San Juan de Lurigancho',1501),(150133,'San Juan de Miraflores',1501),(150134,'San Luis',1501),(150135,'San Martín de Porres',1501),(150136,'San Miguel',1501),(150137,'Santa Anita',1501),(150138,'Santa María del Mar',1501),(150139,'Santa Rosa',1501),(150140,'Santiago de Surco',1501),(150141,'Surquillo',1501),(150142,'Villa El Salvador',1501),(150143,'Villa María del Triunfo',1501),(150201,'Barranca',1502),(150202,'Paramonga',1502),(150203,'Pativilca',1502),(150204,'Supe',1502),(150205,'Supe Puerto',1502),(150301,'Cajatambo',1503),(150302,'Copa',1503),(150303,'Gorgor',1503),(150304,'Huancapon',1503),(150305,'Manas',1503),(150401,'Canta',1504),(150402,'Arahuay',1504),(150403,'Huamantanga',1504),(150404,'Huaros',1504),(150405,'Lachaqui',1504),(150406,'San Buenaventura',1504),(150407,'Santa Rosa de Quives',1504),(150501,'San Vicente de Cañete',1505),(150502,'Asia',1505),(150503,'Calango',1505),(150504,'Cerro Azul',1505),(150505,'Chilca',1505),(150506,'Coayllo',1505),(150507,'Imperial',1505),(150508,'Lunahuana',1505),(150509,'Mala',1505),(150510,'Nuevo Imperial',1505),(150511,'Pacaran',1505),(150512,'Quilmana',1505),(150513,'San Antonio',1505),(150514,'San Luis',1505),(150515,'Santa Cruz de Flores',1505),(150516,'Zúñiga',1505),(150601,'Huaral',1506),(150602,'Atavillos Alto',1506),(150603,'Atavillos Bajo',1506),(150604,'Aucallama',1506),(150605,'Chancay',1506),(150606,'Ihuari',1506),(150607,'Lampian',1506),(150608,'Pacaraos',1506),(150609,'San Miguel de Acos',1506),(150610,'Santa Cruz de Andamarca',1506),(150611,'Sumbilca',1506),(150612,'Veintisiete de Noviembre',1506),(150701,'Matucana',1507),(150702,'Antioquia',1507),(150703,'Callahuanca',1507),(150704,'Carampoma',1507),(150705,'Chicla',1507),(150706,'Cuenca',1507),(150707,'Huachupampa',1507),(150708,'Huanza',1507),(150709,'Huarochiri',1507),(150710,'Lahuaytambo',1507),(150711,'Langa',1507),(150712,'Laraos',1507),(150713,'Mariatana',1507),(150714,'Ricardo Palma',1507),(150715,'San Andrés de Tupicocha',1507),(150716,'San Antonio',1507),(150717,'San Bartolomé',1507),(150718,'San Damian',1507),(150719,'San Juan de Iris',1507),(150720,'San Juan de Tantaranche',1507),(150721,'San Lorenzo de Quinti',1507),(150722,'San Mateo',1507),(150723,'San Mateo de Otao',1507),(150724,'San Pedro de Casta',1507),(150725,'San Pedro de Huancayre',1507),(150726,'Sangallaya',1507),(150727,'Santa Cruz de Cocachacra',1507),(150728,'Santa Eulalia',1507),(150729,'Santiago de Anchucaya',1507),(150730,'Santiago de Tuna',1507),(150731,'Santo Domingo de Los Olleros',1507),(150732,'Surco',1507),(150801,'Huacho',1508),(150802,'Ambar',1508),(150803,'Caleta de Carquin',1508),(150804,'Checras',1508),(150805,'Hualmay',1508),(150806,'Huaura',1508),(150807,'Leoncio Prado',1508),(150808,'Paccho',1508),(150809,'Santa Leonor',1508),(150810,'Santa María',1508),(150811,'Sayan',1508),(150812,'Vegueta',1508),(150901,'Oyon',1509),(150902,'Andajes',1509),(150903,'Caujul',1509),(150904,'Cochamarca',1509),(150905,'Navan',1509),(150906,'Pachangara',1509),(151001,'Yauyos',1510),(151002,'Alis',1510),(151003,'Allauca',1510),(151004,'Ayaviri',1510),(151005,'Azángaro',1510),(151006,'Cacra',1510),(151007,'Carania',1510),(151008,'Catahuasi',1510),(151009,'Chocos',1510),(151010,'Cochas',1510),(151011,'Colonia',1510),(151012,'Hongos',1510),(151013,'Huampara',1510),(151014,'Huancaya',1510),(151015,'Huangascar',1510),(151016,'Huantan',1510),(151017,'Huañec',1510),(151018,'Laraos',1510),(151019,'Lincha',1510),(151020,'Madean',1510),(151021,'Miraflores',1510),(151022,'Omas',1510),(151023,'Putinza',1510),(151024,'Quinches',1510),(151025,'Quinocay',1510),(151026,'San Joaquín',1510),(151027,'San Pedro de Pilas',1510),(151028,'Tanta',1510),(151029,'Tauripampa',1510),(151030,'Tomas',1510),(151031,'Tupe',1510),(151032,'Viñac',1510),(151033,'Vitis',1510),(160101,'Iquitos',1601),(160102,'Alto Nanay',1601),(160103,'Fernando Lores',1601),(160104,'Indiana',1601),(160105,'Las Amazonas',1601),(160106,'Mazan',1601),(160107,'Napo',1601),(160108,'Punchana',1601),(160110,'Torres Causana',1601),(160112,'Belén',1601),(160113,'San Juan Bautista',1601),(160201,'Yurimaguas',1602),(160202,'Balsapuerto',1602),(160205,'Jeberos',1602),(160206,'Lagunas',1602),(160210,'Santa Cruz',1602),(160211,'Teniente Cesar López Rojas',1602),(160301,'Nauta',1603),(160302,'Parinari',1603),(160303,'Tigre',1603),(160304,'Trompeteros',1603),(160305,'Urarinas',1603),(160401,'Ramón Castilla',1604),(160402,'Pebas',1604),(160403,'Yavari',1604),(160404,'San Pablo',1604),(160501,'Requena',1605),(160502,'Alto Tapiche',1605),(160503,'Capelo',1605),(160504,'Emilio San Martín',1605),(160505,'Maquia',1605),(160506,'Puinahua',1605),(160507,'Saquena',1605),(160508,'Soplin',1605),(160509,'Tapiche',1605),(160510,'Jenaro Herrera',1605),(160511,'Yaquerana',1605),(160601,'Contamana',1606),(160602,'Inahuaya',1606),(160603,'Padre Márquez',1606),(160604,'Pampa Hermosa',1606),(160605,'Sarayacu',1606),(160606,'Vargas Guerra',1606),(160701,'Barranca',1607),(160702,'Cahuapanas',1607),(160703,'Manseriche',1607),(160704,'Morona',1607),(160705,'Pastaza',1607),(160706,'Andoas',1607),(160801,'Putumayo',1608),(160802,'Rosa Panduro',1608),(160803,'Teniente Manuel Clavero',1608),(160804,'Yaguas',1608),(170101,'Tambopata',1701),(170102,'Inambari',1701),(170103,'Las Piedras',1701),(170104,'Laberinto',1701),(170201,'Manu',1702),(170202,'Fitzcarrald',1702),(170203,'Madre de Dios',1702),(170204,'Huepetuhe',1702),(170301,'Iñapari',1703),(170302,'Iberia',1703),(170303,'Tahuamanu',1703),(180101,'Moquegua',1801),(180102,'Carumas',1801),(180103,'Cuchumbaya',1801),(180104,'Samegua',1801),(180105,'San Cristóbal',1801),(180106,'Torata',1801),(180201,'Omate',1802),(180202,'Chojata',1802),(180203,'Coalaque',1802),(180204,'Ichuña',1802),(180205,'La Capilla',1802),(180206,'Lloque',1802),(180207,'Matalaque',1802),(180208,'Puquina',1802),(180209,'Quinistaquillas',1802),(180210,'Ubinas',1802),(180211,'Yunga',1802),(180301,'Ilo',1803),(180302,'El Algarrobal',1803),(180303,'Pacocha',1803),(190101,'Chaupimarca',1901),(190102,'Huachon',1901),(190103,'Huariaca',1901),(190104,'Huayllay',1901),(190105,'Ninacaca',1901),(190106,'Pallanchacra',1901),(190107,'Paucartambo',1901),(190108,'San Francisco de Asís de Yarusyacan',1901),(190109,'Simon Bolívar',1901),(190110,'Ticlacayan',1901),(190111,'Tinyahuarco',1901),(190112,'Vicco',1901),(190113,'Yanacancha',1901),(190201,'Yanahuanca',1902),(190202,'Chacayan',1902),(190203,'Goyllarisquizga',1902),(190204,'Paucar',1902),(190205,'San Pedro de Pillao',1902),(190206,'Santa Ana de Tusi',1902),(190207,'Tapuc',1902),(190208,'Vilcabamba',1902),(190301,'Oxapampa',1903),(190302,'Chontabamba',1903),(190303,'Huancabamba',1903),(190304,'Palcazu',1903),(190305,'Pozuzo',1903),(190306,'Puerto Bermúdez',1903),(190307,'Villa Rica',1903),(190308,'Constitución',1903),(200101,'Piura',2001),(200104,'Castilla',2001),(200105,'Catacaos',2001),(200107,'Cura Mori',2001),(200108,'El Tallan',2001),(200109,'La Arena',2001),(200110,'La Unión',2001),(200111,'Las Lomas',2001),(200114,'Tambo Grande',2001),(200115,'Veintiseis de Octubre',2001),(200201,'Ayabaca',2002),(200202,'Frias',2002),(200203,'Jilili',2002),(200204,'Lagunas',2002),(200205,'Montero',2002),(200206,'Pacaipampa',2002),(200207,'Paimas',2002),(200208,'Sapillica',2002),(200209,'Sicchez',2002),(200210,'Suyo',2002),(200301,'Huancabamba',2003),(200302,'Canchaque',2003),(200303,'El Carmen de la Frontera',2003),(200304,'Huarmaca',2003),(200305,'Lalaquiz',2003),(200306,'San Miguel de El Faique',2003),(200307,'Sondor',2003),(200308,'Sondorillo',2003),(200401,'Chulucanas',2004),(200402,'Buenos Aires',2004),(200403,'Chalaco',2004),(200404,'La Matanza',2004),(200405,'Morropon',2004),(200406,'Salitral',2004),(200407,'San Juan de Bigote',2004),(200408,'Santa Catalina de Mossa',2004),(200409,'Santo Domingo',2004),(200410,'Yamango',2004),(200501,'Paita',2005),(200502,'Amotape',2005),(200503,'Arenal',2005),(200504,'Colan',2005),(200505,'La Huaca',2005),(200506,'Tamarindo',2005),(200507,'Vichayal',2005),(200601,'Sullana',2006),(200602,'Bellavista',2006),(200603,'Ignacio Escudero',2006),(200604,'Lancones',2006),(200605,'Marcavelica',2006),(200606,'Miguel Checa',2006),(200607,'Querecotillo',2006),(200608,'Salitral',2006),(200701,'Pariñas',2007),(200702,'El Alto',2007),(200703,'La Brea',2007),(200704,'Lobitos',2007),(200705,'Los Organos',2007),(200706,'Mancora',2007),(200801,'Sechura',2008),(200802,'Bellavista de la Unión',2008),(200803,'Bernal',2008),(200804,'Cristo Nos Valga',2008),(200805,'Vice',2008),(200806,'Rinconada Llicuar',2008),(210101,'Puno',2101),(210102,'Acora',2101),(210103,'Amantani',2101),(210104,'Atuncolla',2101),(210105,'Capachica',2101),(210106,'Chucuito',2101),(210107,'Coata',2101),(210108,'Huata',2101),(210109,'Mañazo',2101),(210110,'Paucarcolla',2101),(210111,'Pichacani',2101),(210112,'Plateria',2101),(210113,'San Antonio',2101),(210114,'Tiquillaca',2101),(210115,'Vilque',2101),(210201,'Azángaro',2102),(210202,'Achaya',2102),(210203,'Arapa',2102),(210204,'Asillo',2102),(210205,'Caminaca',2102),(210206,'Chupa',2102),(210207,'José Domingo Choquehuanca',2102),(210208,'Muñani',2102),(210209,'Potoni',2102),(210210,'Saman',2102),(210211,'San Anton',2102),(210212,'San José',2102),(210213,'San Juan de Salinas',2102),(210214,'Santiago de Pupuja',2102),(210215,'Tirapata',2102),(210301,'Macusani',2103),(210302,'Ajoyani',2103),(210303,'Ayapata',2103),(210304,'Coasa',2103),(210305,'Corani',2103),(210306,'Crucero',2103),(210307,'Ituata',2103),(210308,'Ollachea',2103),(210309,'San Gaban',2103),(210310,'Usicayos',2103),(210401,'Juli',2104),(210402,'Desaguadero',2104),(210403,'Huacullani',2104),(210404,'Kelluyo',2104),(210405,'Pisacoma',2104),(210406,'Pomata',2104),(210407,'Zepita',2104),(210501,'Ilave',2105),(210502,'Capazo',2105),(210503,'Pilcuyo',2105),(210504,'Santa Rosa',2105),(210505,'Conduriri',2105),(210601,'Huancane',2106),(210602,'Cojata',2106),(210603,'Huatasani',2106),(210604,'Inchupalla',2106),(210605,'Pusi',2106),(210606,'Rosaspata',2106),(210607,'Taraco',2106),(210608,'Vilque Chico',2106),(210701,'Lampa',2107),(210702,'Cabanilla',2107),(210703,'Calapuja',2107),(210704,'Nicasio',2107),(210705,'Ocuviri',2107),(210706,'Palca',2107),(210707,'Paratia',2107),(210708,'Pucara',2107),(210709,'Santa Lucia',2107),(210710,'Vilavila',2107),(210801,'Ayaviri',2108),(210802,'Antauta',2108),(210803,'Cupi',2108),(210804,'Llalli',2108),(210805,'Macari',2108),(210806,'Nuñoa',2108),(210807,'Orurillo',2108),(210808,'Santa Rosa',2108),(210809,'Umachiri',2108),(210901,'Moho',2109),(210902,'Conima',2109),(210903,'Huayrapata',2109),(210904,'Tilali',2109),(211001,'Putina',2110),(211002,'Ananea',2110),(211003,'Pedro Vilca Apaza',2110),(211004,'Quilcapuncu',2110),(211005,'Sina',2110),(211101,'Juliaca',2111),(211102,'Cabana',2111),(211103,'Cabanillas',2111),(211104,'Caracoto',2111),(211105,'San Miguel',2111),(211201,'Sandia',2112),(211202,'Cuyocuyo',2112),(211203,'Limbani',2112),(211204,'Patambuco',2112),(211205,'Phara',2112),(211206,'Quiaca',2112),(211207,'San Juan del Oro',2112),(211208,'Yanahuaya',2112),(211209,'Alto Inambari',2112),(211210,'San Pedro de Putina Punco',2112),(211301,'Yunguyo',2113),(211302,'Anapia',2113),(211303,'Copani',2113),(211304,'Cuturapi',2113),(211305,'Ollaraya',2113),(211306,'Tinicachi',2113),(211307,'Unicachi',2113),(220101,'Moyobamba',2201),(220102,'Calzada',2201),(220103,'Habana',2201),(220104,'Jepelacio',2201),(220105,'Soritor',2201),(220106,'Yantalo',2201),(220201,'Bellavista',2202),(220202,'Alto Biavo',2202),(220203,'Bajo Biavo',2202),(220204,'Huallaga',2202),(220205,'San Pablo',2202),(220206,'San Rafael',2202),(220301,'San José de Sisa',2203),(220302,'Agua Blanca',2203),(220303,'San Martín',2203),(220304,'Santa Rosa',2203),(220305,'Shatoja',2203),(220401,'Saposoa',2204),(220402,'Alto Saposoa',2204),(220403,'El Eslabón',2204),(220404,'Piscoyacu',2204),(220405,'Sacanche',2204),(220406,'Tingo de Saposoa',2204),(220501,'Lamas',2205),(220502,'Alonso de Alvarado',2205),(220503,'Barranquita',2205),(220504,'Caynarachi',2205),(220505,'Cuñumbuqui',2205),(220506,'Pinto Recodo',2205),(220507,'Rumisapa',2205),(220508,'San Roque de Cumbaza',2205),(220509,'Shanao',2205),(220510,'Tabalosos',2205),(220511,'Zapatero',2205),(220601,'Juanjuí',2206),(220602,'Campanilla',2206),(220603,'Huicungo',2206),(220604,'Pachiza',2206),(220605,'Pajarillo',2206),(220701,'Picota',2207),(220702,'Buenos Aires',2207),(220703,'Caspisapa',2207),(220704,'Pilluana',2207),(220705,'Pucacaca',2207),(220706,'San Cristóbal',2207),(220707,'San Hilarión',2207),(220708,'Shamboyacu',2207),(220709,'Tingo de Ponasa',2207),(220710,'Tres Unidos',2207),(220801,'Rioja',2208),(220802,'Awajun',2208),(220803,'Elías Soplin Vargas',2208),(220804,'Nueva Cajamarca',2208),(220805,'Pardo Miguel',2208),(220806,'Posic',2208),(220807,'San Fernando',2208),(220808,'Yorongos',2208),(220809,'Yuracyacu',2208),(220901,'Tarapoto',2209),(220902,'Alberto Leveau',2209),(220903,'Cacatachi',2209),(220904,'Chazuta',2209),(220905,'Chipurana',2209),(220906,'El Porvenir',2209),(220907,'Huimbayoc',2209),(220908,'Juan Guerra',2209),(220909,'La Banda de Shilcayo',2209),(220910,'Morales',2209),(220911,'Papaplaya',2209),(220912,'San Antonio',2209),(220913,'Sauce',2209),(220914,'Shapaja',2209),(221001,'Tocache',2210),(221002,'Nuevo Progreso',2210),(221003,'Polvora',2210),(221004,'Shunte',2210),(221005,'Uchiza',2210),(230101,'Tacna',2301),(230102,'Alto de la Alianza',2301),(230103,'Calana',2301),(230104,'Ciudad Nueva',2301),(230105,'Inclan',2301),(230106,'Pachia',2301),(230107,'Palca',2301),(230108,'Pocollay',2301),(230109,'Sama',2301),(230110,'Coronel Gregorio Albarracín Lanchipa',2301),(230111,'La Yarada los Palos',2301),(230201,'Candarave',2302),(230202,'Cairani',2302),(230203,'Camilaca',2302),(230204,'Curibaya',2302),(230205,'Huanuara',2302),(230206,'Quilahuani',2302),(230301,'Locumba',2303),(230302,'Ilabaya',2303),(230303,'Ite',2303),(230401,'Tarata',2304),(230402,'Héroes Albarracín',2304),(230403,'Estique',2304),(230404,'Estique-Pampa',2304),(230405,'Sitajara',2304),(230406,'Susapaya',2304),(230407,'Tarucachi',2304),(230408,'Ticaco',2304),(240101,'Tumbes',2401),(240102,'Corrales',2401),(240103,'La Cruz',2401),(240104,'Pampas de Hospital',2401),(240105,'San Jacinto',2401),(240106,'San Juan de la Virgen',2401),(240201,'Zorritos',2402),(240202,'Casitas',2402),(240203,'Canoas de Punta Sal',2402),(240301,'Zarumilla',2403),(240302,'Aguas Verdes',2403),(240303,'Matapalo',2403),(240304,'Papayal',2403),(250101,'Calleria',2501),(250102,'Campoverde',2501),(250103,'Iparia',2501),(250104,'Masisea',2501),(250105,'Yarinacocha',2501),(250106,'Nueva Requena',2501),(250107,'Manantay',2501),(250201,'Raymondi',2502),(250202,'Sepahua',2502),(250203,'Tahuania',2502),(250204,'Yurua',2502),(250301,'Padre Abad',2503),(250302,'Irazola',2503),(250303,'Curimana',2503),(250304,'Neshuya',2503),(250305,'Alexander Von Humboldt',2503),(250401,'Purus',2504);
/*!40000 ALTER TABLE `DISTRITO` ENABLE KEYS */;
UNLOCK TABLES;

--
-- Table structure for table `EMPLEADO`
--

DROP TABLE IF EXISTS `EMPLEADO`;
/*!40101 SET @saved_cs_client     = @@character_set_client */;
/*!50503 SET character_set_client = utf8mb4 */;
CREATE TABLE `EMPLEADO` (
  `id_empleado` int NOT NULL AUTO_INCREMENT,
  `nombres` varchar(100) DEFAULT NULL,
  `apellidos` varchar(100) DEFAULT NULL,
  `fecha_nacimiento` date DEFAULT NULL,
  `documento_identidad` varchar(20) DEFAULT NULL,
  `sexo` varchar(20) DEFAULT NULL,
  `estado` varchar(20) DEFAULT NULL,
  `id_usuario` int DEFAULT NULL,
  `id_rol` int DEFAULT NULL,
  `id_distrito` int DEFAULT NULL,
  `id_especialidad` int DEFAULT NULL,
  `fotoPerfil` varchar(255) DEFAULT NULL,
  PRIMARY KEY (`id_empleado`),
  UNIQUE KEY `documento_identidad` (`documento_identidad`),
  KEY `id_usuario` (`id_usuario`),
  KEY `id_rol` (`id_rol`),
  KEY `id_distrito` (`id_distrito`),
  KEY `id_especialidad` (`id_especialidad`),
  CONSTRAINT `EMPLEADO_ibfk_1` FOREIGN KEY (`id_usuario`) REFERENCES `USUARIO` (`id_usuario`),
  CONSTRAINT `EMPLEADO_ibfk_2` FOREIGN KEY (`id_rol`) REFERENCES `ROL` (`id_rol`),
  CONSTRAINT `EMPLEADO_ibfk_3` FOREIGN KEY (`id_distrito`) REFERENCES `DISTRITO` (`id_distrito`),
  CONSTRAINT `EMPLEADO_ibfk_4` FOREIGN KEY (`id_especialidad`) REFERENCES `ESPECIALIDAD` (`id_especialidad`)
) ENGINE=InnoDB AUTO_INCREMENT=54 DEFAULT CHARSET=utf8mb4 COLLATE=utf8mb4_0900_ai_ci;
/*!40101 SET character_set_client = @saved_cs_client */;

--
-- Dumping data for table `EMPLEADO`
--

LOCK TABLES `EMPLEADO` WRITE;
/*!40000 ALTER TABLE `EMPLEADO` DISABLE KEYS */;
INSERT INTO `EMPLEADO` VALUES (1,'Roberto','Mendoza Silva','1980-05-15','12345678','Masculino','Activo',1,1,140312,NULL,NULL),(2,'Carmen','Vega Torres','1982-08-20','87654321','Femenino','Activo',2,1,140312,NULL,NULL),(3,'Carlos','García Ramírez','1975-03-10','11111001','Masculino','Activo',3,2,140312,1,NULL),(4,'Pedro','Martínez Flores','1978-07-22','11111002','Masculino','Activo',4,2,140312,2,NULL),(5,'Isabel','López Morales','1980-11-05','11111003','Femenino','Activo',5,2,140312,3,NULL),(6,'Miguel','Rodríguez Castro','1977-09-18','11111004','Masculino','Activo',6,2,140312,4,NULL),(7,'Patricia','Fernández Ruiz','1982-04-30','11111005','Femenino','Activo',7,2,140312,5,NULL),(8,'Jorge','Sánchez Vega','1979-12-12','11111006','Masculino','Activo',8,2,140312,6,NULL),(9,'Laura','Campos Rios','1990-06-15','22222001','Femenino','Activo',9,3,140312,NULL,NULL),(10,'Andrea','Torres Muñoz','1992-03-20','22222002','Femenino','Activo',10,3,140312,NULL,NULL),(11,'Ricardo','Paredes León','1985-08-25','33333001','Masculino','Activo',11,4,140312,NULL,NULL),(12,'Mónica','Díaz Silva','1988-11-10','33333002','Femenino','Activo',12,4,140312,NULL,NULL),(13,'Fernando','Gutiérrez Pinto','1987-02-14','44444001','Masculino','Activo',13,5,140312,NULL,NULL),(14,'Gabriela','Rojas Mendoza','1989-05-28','44444002','Femenino','Activo',14,5,140312,NULL,NULL),(15,'Super','Administrador','1985-01-01','00000001','Masculino','Activo',23,1,140312,NULL,NULL),(16,'Administrador','Sistema Nuevo','1990-01-15','98765432','Masculino','Activo',31,1,140312,NULL,NULL),(19,'Luis Fernando','Ramírez Cáceres','1988-06-20','76543210','Masculino','Activo',34,1,140312,NULL,NULL),(20,'Kare','Garcia','2005-03-05','72658837','Femenino','activo',36,1,140312,NULL,NULL),(21,'Valentina','Benítez Campos','1974-02-24','98765433','Femenino','Activo',37,2,140312,1,NULL),(22,'Sergio','Herrera Gómez','1978-03-19','98765434','Masculino','Activo',38,2,140312,1,NULL),(23,'Katherine','Mejía Pérez','1986-10-09','98765435','Masculino','Activo',39,2,140312,1,NULL),(24,'Andrés','Vargas Torres','1991-03-01','98765436','Masculino','Activo',40,2,140312,2,NULL),(25,'Leonardo','Franco Hidalgo','1978-08-23','98765437','Femenino','Activo',41,2,140312,2,NULL),(26,'Sergio','Mejía Domínguez','1974-09-22','98765438','Femenino','Activo',42,2,140312,2,NULL),(27,'Javier','Ortiz Silva','1994-06-19','98765439','Masculino','Activo',43,2,140312,3,NULL),(28,'Raquel','Gómez Lara','1979-04-15','98765440','Masculino','Activo',44,2,140312,3,NULL),(29,'Alberto','Gómez Vargas','1989-07-26','98765441','Masculino','Activo',45,2,140312,3,NULL),(30,'Olivia','Silva Guerra','1993-07-22','98765442','Masculino','Activo',46,2,140312,4,NULL),(31,'Alberto','Campos Gómez','1972-10-27','98765443','Masculino','Activo',47,2,140312,4,NULL),(32,'Leonardo','Pérez Quintero','1971-03-09','98765444','Masculino','Activo',48,2,140312,4,NULL),(33,'Raquel','Pérez Juárez','1992-02-12','98765445','Masculino','Activo',49,2,140312,5,NULL),(34,'Camila','Álvarez Iglesias','1980-02-28','98765446','Masculino','Activo',50,2,140312,5,NULL),(35,'Andrés','Flores Juárez','1985-01-14','98765447','Masculino','Activo',51,2,140312,5,NULL),(36,'Daniel','Jiménez Castro','1988-10-13','98765448','Femenino','Activo',52,2,140312,6,NULL),(37,'Raquel','Vargas Hidalgo','1974-06-14','98765449','Masculino','Activo',53,2,140312,6,NULL),(38,'Alberto','Mejía Franco','1980-02-27','98765450','Masculino','Activo',54,2,140312,6,NULL),(39,'Leonardo','Quintero Torres','1986-01-25','98765451','Femenino','Activo',55,2,140312,7,NULL),(40,'Beatriz','Jiménez Iglesias','1986-11-20','98765452','Femenino','Activo',56,2,140312,7,NULL),(41,'Valentina','Domínguez Navarro','1977-11-05','98765453','Femenino','Activo',57,2,140312,7,NULL),(42,'Katherine','Campos Franco','1974-01-26','98765454','Masculino','Activo',58,2,140312,8,NULL),(43,'Olivia','Ramírez Pérez','1980-03-28','98765455','Femenino','Activo',59,2,140312,8,NULL),(44,'Isabel','Uribe Herrera','1992-04-09','98765456','Femenino','Activo',60,2,140312,8,NULL),(45,'Erika','Juárez Ibarra','1973-05-20','98765457','Masculino','Activo',61,2,140312,9,NULL),(46,'Mariana','Quintero Guerra','1992-12-16','98765458','Masculino','Activo',62,2,140312,9,NULL),(47,'Daniel','Domínguez Quintero','1988-03-20','98765459','Femenino','Activo',63,2,140312,9,NULL),(48,'Valentina','Escobar Juárez','1994-11-08','98765460','Masculino','Activo',64,2,140312,10,NULL),(49,'Mariana','Silva Campos','1970-08-14','98765461','Femenino','Activo',65,2,140312,10,NULL),(50,'Pablo','Campos Gómez','1987-10-28','98765462','Masculino','Activo',66,2,140312,10,NULL),(51,'jhon','bances','2000-07-20','12333678','Masculino','activo',67,1,10201,NULL,NULL),(52,'juan','maldonado','2000-08-27','22888991','Masculino','activo',68,1,60401,NULL,NULL),(53,'Mauricio Antonio','Chero Gonzales','2004-10-11','73109345','Masculino','activo',69,1,140101,NULL,NULL);
/*!40000 ALTER TABLE `EMPLEADO` ENABLE KEYS */;
UNLOCK TABLES;

--
-- Table structure for table `ESPECIALIDAD`
--

DROP TABLE IF EXISTS `ESPECIALIDAD`;
/*!40101 SET @saved_cs_client     = @@character_set_client */;
/*!50503 SET character_set_client = utf8mb4 */;
CREATE TABLE `ESPECIALIDAD` (
  `id_especialidad` int NOT NULL AUTO_INCREMENT,
  `nombre` varchar(100) DEFAULT NULL,
  `estado` varchar(20) DEFAULT NULL,
  `descripcion` text,
  PRIMARY KEY (`id_especialidad`)
) ENGINE=InnoDB AUTO_INCREMENT=11 DEFAULT CHARSET=utf8mb4 COLLATE=utf8mb4_0900_ai_ci;
/*!40101 SET character_set_client = @saved_cs_client */;

--
-- Dumping data for table `ESPECIALIDAD`
--

LOCK TABLES `ESPECIALIDAD` WRITE;
/*!40000 ALTER TABLE `ESPECIALIDAD` DISABLE KEYS */;
INSERT INTO `ESPECIALIDAD` VALUES (1,'Cardiología','Activo','Especialidad médica que se ocupa del corazón y sistema circulatorio'),(2,'Pediatría','Activo','Especialidad médica que se ocupa de la salud de niños y adolescentes'),(3,'Dermatología','Activo','Especialidad médica que se ocupa de la piel, cabello y uñas'),(4,'Traumatología','Activo','Especialidad médica que trata lesiones del sistema músculo-esquelético'),(5,'Ginecología','Activo','Especialidad médica que se ocupa del sistema reproductor femenino'),(6,'Oftalmología','Activo','Especialidad médica que se ocupa de los ojos y la visión'),(7,'Neurología','Activo','Especialidad médica que se ocupa del sistema nervioso'),(8,'Psiquiatría','Activo','Especialidad médica que se ocupa de la salud mental'),(9,'Medicina General','Activo','Atención médica general y preventiva'),(10,'Odontología','Activo','Especialidad que se ocupa de la salud bucal');
/*!40000 ALTER TABLE `ESPECIALIDAD` ENABLE KEYS */;
UNLOCK TABLES;

--
-- Table structure for table `EXAMEN`
--

DROP TABLE IF EXISTS `EXAMEN`;
/*!40101 SET @saved_cs_client     = @@character_set_client */;
/*!50503 SET character_set_client = utf8mb4 */;
CREATE TABLE `EXAMEN` (
  `id_examen` int NOT NULL AUTO_INCREMENT,
  `fecha_examen` date DEFAULT NULL,
  `hora_examen` time DEFAULT NULL,
  `observacion` text,
  `estado` varchar(20) DEFAULT NULL,
  `id_reserva` int DEFAULT NULL,
  `id_reservaServicio` int DEFAULT NULL,
  PRIMARY KEY (`id_examen`),
  KEY `id_reserva` (`id_reserva`),
  KEY `id_reservaServicio` (`id_reservaServicio`),
  CONSTRAINT `EXAMEN_ibfk_1` FOREIGN KEY (`id_reserva`) REFERENCES `RESERVA` (`id_reserva`),
  CONSTRAINT `EXAMEN_ibfk_2` FOREIGN KEY (`id_reservaServicio`) REFERENCES `RESERVA` (`id_reserva`)
) ENGINE=InnoDB AUTO_INCREMENT=5 DEFAULT CHARSET=utf8mb4 COLLATE=utf8mb4_0900_ai_ci;
/*!40101 SET character_set_client = @saved_cs_client */;

--
-- Dumping data for table `EXAMEN`
--

LOCK TABLES `EXAMEN` WRITE;
/*!40000 ALTER TABLE `EXAMEN` DISABLE KEYS */;
INSERT INTO `EXAMEN` VALUES (1,'2024-11-16','08:00:00','Hemograma completo - Valores normales','Realizado',1,NULL),(2,'2024-11-16','08:30:00','Perfil lipídico - Colesterol ligeramente elevado','Realizado',1,NULL),(3,'2024-11-21','09:00:00','Radiografía de tórax - Sin alteraciones','Realizado',2,NULL),(4,'2024-12-16','10:00:00','Examen de agudeza visual programado','Pendiente',6,NULL);
/*!40000 ALTER TABLE `EXAMEN` ENABLE KEYS */;
UNLOCK TABLES;

--
-- Table structure for table `HORARIO`
--

DROP TABLE IF EXISTS `HORARIO`;
/*!40101 SET @saved_cs_client     = @@character_set_client */;
/*!50503 SET character_set_client = utf8mb4 */;
CREATE TABLE `HORARIO` (
  `id_horario` int NOT NULL AUTO_INCREMENT,
  `id_empleado` int DEFAULT NULL,
  `fecha` date DEFAULT NULL,
  `hora_inicio` time DEFAULT NULL,
  `hora_fin` time DEFAULT NULL,
  `disponibilidad` varchar(30) DEFAULT NULL,
  `estado` varchar(30) DEFAULT NULL,
  PRIMARY KEY (`id_horario`),
  KEY `id_empleado` (`id_empleado`),
  CONSTRAINT `HORARIO_ibfk_1` FOREIGN KEY (`id_empleado`) REFERENCES `EMPLEADO` (`id_empleado`)
) ENGINE=InnoDB AUTO_INCREMENT=877 DEFAULT CHARSET=utf8mb4 COLLATE=utf8mb4_0900_ai_ci;
/*!40101 SET character_set_client = @saved_cs_client */;

--
-- Dumping data for table `HORARIO`
--

LOCK TABLES `HORARIO` WRITE;
/*!40000 ALTER TABLE `HORARIO` DISABLE KEYS */;
INSERT INTO `HORARIO` VALUES (1,3,'2024-12-02','08:00:00','12:00:00','Disponible','Activo'),(2,3,'2024-12-03','08:00:00','12:00:00','Disponible','Activo'),(3,3,'2024-12-04','14:00:00','18:00:00','Disponible','Activo'),(4,4,'2024-12-02','09:00:00','13:00:00','Disponible','Activo'),(5,4,'2024-12-03','14:00:00','18:00:00','Disponible','Activo'),(6,4,'2024-12-05','09:00:00','13:00:00','Disponible','Activo'),(7,5,'2024-12-02','07:00:00','15:00:00','Disponible','Activo'),(8,5,'2024-12-03','07:00:00','15:00:00','Disponible','Activo'),(9,5,'2024-12-04','07:00:00','15:00:00','Disponible','Activo'),(10,6,'2024-12-02','10:00:00','14:00:00','Disponible','Activo'),(11,6,'2024-12-03','10:00:00','14:00:00','Disponible','Activo'),(12,6,'2024-12-04','15:00:00','19:00:00','Disponible','Activo'),(13,7,'2024-12-02','13:00:00','21:00:00','Disponible','Activo'),(14,7,'2024-12-03','13:00:00','21:00:00','Disponible','Activo'),(15,7,'2024-12-04','13:00:00','21:00:00','Disponible','Activo'),(16,8,'2024-12-02','08:00:00','14:00:00','Disponible','Activo'),(17,8,'2024-12-03','14:00:00','20:00:00','Disponible','Activo'),(18,8,'2024-12-04','08:00:00','14:00:00','Disponible','Activo'),(19,1,'2025-11-04','14:00:00','18:00:00','Disponible','Activo'),(20,2,'2025-11-04','09:00:00','13:00:00','Disponible','Activo'),(21,3,'2025-11-04','15:00:00','19:00:00','Ocupado','Activo'),(22,4,'2025-11-04','08:00:00','12:00:00','Disponible','Activo'),(23,5,'2025-11-04','14:00:00','18:00:00','Disponible','Activo'),(24,6,'2025-11-04','09:00:00','13:00:00','Disponible','Activo'),(25,7,'2025-11-04','15:00:00','19:00:00','Disponible','Activo'),(26,8,'2025-11-04','08:00:00','12:00:00','Disponible','Activo'),(27,9,'2025-11-04','14:00:00','18:00:00','Disponible','Activo'),(28,10,'2025-11-04','09:00:00','13:00:00','Disponible','Activo'),(29,11,'2025-11-04','15:00:00','19:00:00','Disponible','Activo'),(30,12,'2025-11-04','08:00:00','12:00:00','Disponible','Activo'),(31,13,'2025-11-04','14:00:00','18:00:00','Disponible','Activo'),(32,14,'2025-11-04','09:00:00','13:00:00','Disponible','Activo'),(33,15,'2025-11-04','15:00:00','19:00:00','Disponible','Activo'),(34,16,'2025-11-04','08:00:00','12:00:00','Disponible','Activo'),(35,19,'2025-11-04','15:00:00','19:00:00','Disponible','Activo'),(36,20,'2025-11-04','08:00:00','12:00:00','Disponible','Activo'),(37,1,'2025-11-05','14:00:00','18:00:00','Disponible','Activo'),(38,2,'2025-11-05','09:00:00','13:00:00','Disponible','Activo'),(39,3,'2025-11-05','15:00:00','19:00:00','Disponible','Activo'),(40,4,'2025-11-05','08:00:00','12:00:00','Disponible','Activo'),(41,5,'2025-11-05','14:00:00','18:00:00','Disponible','Activo'),(42,6,'2025-11-05','09:00:00','13:00:00','Disponible','Activo'),(43,7,'2025-11-05','15:00:00','19:00:00','Disponible','Activo'),(44,8,'2025-11-05','08:00:00','12:00:00','Disponible','Activo'),(45,9,'2025-11-05','14:00:00','18:00:00','Disponible','Activo'),(46,10,'2025-11-05','09:00:00','13:00:00','Disponible','Activo'),(47,11,'2025-11-05','15:00:00','19:00:00','Disponible','Activo'),(48,12,'2025-11-05','08:00:00','12:00:00','Disponible','Activo'),(49,13,'2025-11-05','14:00:00','18:00:00','Disponible','Activo'),(50,14,'2025-11-05','09:00:00','13:00:00','Disponible','Activo'),(51,15,'2025-11-05','15:00:00','19:00:00','Disponible','Activo'),(52,16,'2025-11-05','08:00:00','12:00:00','Disponible','Activo'),(53,19,'2025-11-05','15:00:00','19:00:00','Disponible','Activo'),(54,20,'2025-11-05','08:00:00','12:00:00','Disponible','Activo'),(55,1,'2025-11-06','14:00:00','18:00:00','Disponible','Activo'),(56,2,'2025-11-06','09:00:00','13:00:00','Disponible','Activo'),(57,3,'2025-11-06','15:00:00','19:00:00','Disponible','Activo'),(58,4,'2025-11-06','08:00:00','12:00:00','Disponible','Activo'),(59,5,'2025-11-06','14:00:00','18:00:00','Disponible','Activo'),(60,6,'2025-11-06','09:00:00','13:00:00','Disponible','Activo'),(61,7,'2025-11-06','15:00:00','19:00:00','Disponible','Activo'),(62,8,'2025-11-06','08:00:00','12:00:00','Disponible','Activo'),(63,9,'2025-11-06','14:00:00','18:00:00','Disponible','Activo'),(64,10,'2025-11-06','09:00:00','13:00:00','Disponible','Activo'),(65,11,'2025-11-06','15:00:00','19:00:00','Disponible','Activo'),(66,12,'2025-11-06','08:00:00','12:00:00','Disponible','Activo'),(67,13,'2025-11-06','14:00:00','18:00:00','Disponible','Activo'),(68,14,'2025-11-06','09:00:00','13:00:00','Disponible','Activo'),(69,15,'2025-11-06','15:00:00','19:00:00','Disponible','Activo'),(70,16,'2025-11-06','08:00:00','12:00:00','Disponible','Activo'),(71,19,'2025-11-06','15:00:00','19:00:00','Disponible','Activo'),(72,20,'2025-11-06','08:00:00','12:00:00','Disponible','Activo'),(73,1,'2025-11-07','14:00:00','18:00:00','Disponible','Activo'),(74,2,'2025-11-07','09:00:00','13:00:00','Disponible','Activo'),(75,3,'2025-11-07','15:00:00','19:00:00','Disponible','Activo'),(76,4,'2025-11-07','08:00:00','12:00:00','Disponible','Activo'),(77,5,'2025-11-07','14:00:00','18:00:00','Disponible','Activo'),(78,6,'2025-11-07','09:00:00','13:00:00','Disponible','Activo'),(79,7,'2025-11-07','15:00:00','19:00:00','Disponible','Activo'),(80,8,'2025-11-07','08:00:00','12:00:00','Disponible','Activo'),(81,9,'2025-11-07','14:00:00','18:00:00','Disponible','Activo'),(82,10,'2025-11-07','09:00:00','13:00:00','Disponible','Activo'),(83,11,'2025-11-07','15:00:00','19:00:00','Disponible','Activo'),(84,12,'2025-11-07','08:00:00','12:00:00','Disponible','Activo'),(85,13,'2025-11-07','14:00:00','18:00:00','Disponible','Activo'),(86,14,'2025-11-07','09:00:00','13:00:00','Disponible','Activo'),(87,15,'2025-11-07','15:00:00','19:00:00','Disponible','Activo'),(88,16,'2025-11-07','08:00:00','12:00:00','Disponible','Activo'),(89,19,'2025-11-07','15:00:00','19:00:00','Disponible','Activo'),(90,20,'2025-11-07','08:00:00','12:00:00','Disponible','Activo'),(91,1,'2025-11-10','14:00:00','18:00:00','Disponible','Activo'),(92,2,'2025-11-10','09:00:00','13:00:00','Disponible','Activo'),(93,3,'2025-11-10','15:00:00','19:00:00','Disponible','Activo'),(94,4,'2025-11-10','08:00:00','12:00:00','Disponible','Activo'),(95,5,'2025-11-10','14:00:00','18:00:00','Disponible','Activo'),(96,6,'2025-11-10','09:00:00','13:00:00','Disponible','Activo'),(97,7,'2025-11-10','15:00:00','19:00:00','Disponible','Activo'),(98,8,'2025-11-10','08:00:00','12:00:00','Disponible','Activo'),(99,9,'2025-11-10','14:00:00','18:00:00','Disponible','Activo'),(100,10,'2025-11-10','09:00:00','13:00:00','Disponible','Activo'),(101,11,'2025-11-10','15:00:00','19:00:00','Disponible','Activo'),(102,12,'2025-11-10','08:00:00','12:00:00','Disponible','Activo'),(103,13,'2025-11-10','14:00:00','18:00:00','Disponible','Activo'),(104,14,'2025-11-10','09:00:00','13:00:00','Disponible','Activo'),(105,15,'2025-11-10','15:00:00','19:00:00','Disponible','Activo'),(106,16,'2025-11-10','08:00:00','12:00:00','Disponible','Activo'),(107,19,'2025-11-10','15:00:00','19:00:00','Disponible','Activo'),(108,20,'2025-11-10','08:00:00','12:00:00','Disponible','Activo'),(109,1,'2025-11-11','14:00:00','18:00:00','Disponible','Activo'),(110,2,'2025-11-11','09:00:00','13:00:00','Disponible','Activo'),(111,3,'2025-11-11','15:00:00','19:00:00','Ocupado','Activo'),(112,4,'2025-11-11','08:00:00','12:00:00','Disponible','Activo'),(113,5,'2025-11-11','14:00:00','18:00:00','Disponible','Activo'),(114,6,'2025-11-11','09:00:00','13:00:00','Disponible','Activo'),(115,7,'2025-11-11','15:00:00','19:00:00','Disponible','Activo'),(116,8,'2025-11-11','08:00:00','12:00:00','Disponible','Activo'),(117,9,'2025-11-11','14:00:00','18:00:00','Disponible','Activo'),(118,10,'2025-11-11','09:00:00','13:00:00','Disponible','Activo'),(119,11,'2025-11-11','15:00:00','19:00:00','Disponible','Activo'),(120,12,'2025-11-11','08:00:00','12:00:00','Disponible','Activo'),(121,13,'2025-11-11','14:00:00','18:00:00','Disponible','Activo'),(122,14,'2025-11-11','09:00:00','13:00:00','Disponible','Activo'),(123,15,'2025-11-11','15:00:00','19:00:00','Disponible','Activo'),(124,16,'2025-11-11','08:00:00','12:00:00','Disponible','Activo'),(125,19,'2025-11-11','15:00:00','19:00:00','Disponible','Activo'),(126,20,'2025-11-11','08:00:00','12:00:00','Disponible','Activo'),(127,1,'2025-11-12','14:00:00','18:00:00','Disponible','Activo'),(128,2,'2025-11-12','09:00:00','13:00:00','Disponible','Activo'),(129,3,'2025-11-12','15:00:00','19:00:00','Disponible','Activo'),(130,4,'2025-11-12','08:00:00','12:00:00','Disponible','Activo'),(131,5,'2025-11-12','14:00:00','18:00:00','Disponible','Activo'),(132,6,'2025-11-12','09:00:00','13:00:00','Disponible','Activo'),(133,7,'2025-11-12','15:00:00','19:00:00','Disponible','Activo'),(134,8,'2025-11-12','08:00:00','12:00:00','Disponible','Activo'),(135,9,'2025-11-12','14:00:00','18:00:00','Disponible','Activo'),(136,10,'2025-11-12','09:00:00','13:00:00','Disponible','Activo'),(137,11,'2025-11-12','15:00:00','19:00:00','Disponible','Activo'),(138,12,'2025-11-12','08:00:00','12:00:00','Disponible','Activo'),(139,13,'2025-11-12','14:00:00','18:00:00','Disponible','Activo'),(140,14,'2025-11-12','09:00:00','13:00:00','Disponible','Activo'),(141,15,'2025-11-12','15:00:00','19:00:00','Disponible','Activo'),(142,16,'2025-11-12','08:00:00','12:00:00','Disponible','Activo'),(143,19,'2025-11-12','15:00:00','19:00:00','Disponible','Activo'),(144,20,'2025-11-12','08:00:00','12:00:00','Disponible','Activo'),(145,1,'2025-11-13','14:00:00','18:00:00','Disponible','Activo'),(146,2,'2025-11-13','09:00:00','13:00:00','Disponible','Activo'),(147,3,'2025-11-13','15:00:00','19:00:00','Disponible','Activo'),(148,4,'2025-11-13','08:00:00','12:00:00','Disponible','Activo'),(149,5,'2025-11-13','14:00:00','18:00:00','Disponible','Activo'),(150,6,'2025-11-13','09:00:00','13:00:00','Disponible','Activo'),(151,7,'2025-11-13','15:00:00','19:00:00','Disponible','Activo'),(152,8,'2025-11-13','08:00:00','12:00:00','Disponible','Activo'),(153,9,'2025-11-13','14:00:00','18:00:00','Disponible','Activo'),(154,10,'2025-11-13','09:00:00','13:00:00','Disponible','Activo'),(155,11,'2025-11-13','15:00:00','19:00:00','Disponible','Activo'),(156,12,'2025-11-13','08:00:00','12:00:00','Disponible','Activo'),(157,13,'2025-11-13','14:00:00','18:00:00','Disponible','Activo'),(158,14,'2025-11-13','09:00:00','13:00:00','Disponible','Activo'),(159,15,'2025-11-13','15:00:00','19:00:00','Disponible','Activo'),(160,16,'2025-11-13','08:00:00','12:00:00','Disponible','Activo'),(161,19,'2025-11-13','15:00:00','19:00:00','Disponible','Activo'),(162,20,'2025-11-13','08:00:00','12:00:00','Disponible','Activo'),(163,1,'2025-11-14','14:00:00','18:00:00','Disponible','Activo'),(164,2,'2025-11-14','09:00:00','13:00:00','Disponible','Activo'),(165,3,'2025-11-14','15:00:00','19:00:00','Disponible','Activo'),(166,4,'2025-11-14','08:00:00','12:00:00','Disponible','Activo'),(167,5,'2025-11-14','14:00:00','18:00:00','Disponible','Activo'),(168,6,'2025-11-14','09:00:00','13:00:00','Disponible','Activo'),(169,7,'2025-11-14','15:00:00','19:00:00','Disponible','Activo'),(170,8,'2025-11-14','08:00:00','12:00:00','Disponible','Activo'),(171,9,'2025-11-14','14:00:00','18:00:00','Disponible','Activo'),(172,10,'2025-11-14','09:00:00','13:00:00','Disponible','Activo'),(173,11,'2025-11-14','15:00:00','19:00:00','Disponible','Activo'),(174,12,'2025-11-14','08:00:00','12:00:00','Disponible','Activo'),(175,13,'2025-11-14','14:00:00','18:00:00','Disponible','Activo'),(176,14,'2025-11-14','09:00:00','13:00:00','Disponible','Activo'),(177,15,'2025-11-14','15:00:00','19:00:00','Disponible','Activo'),(178,16,'2025-11-14','08:00:00','12:00:00','Disponible','Activo'),(179,19,'2025-11-14','15:00:00','19:00:00','Disponible','Activo'),(180,20,'2025-11-14','08:00:00','12:00:00','Disponible','Activo'),(181,1,'2025-11-17','14:00:00','18:00:00','Disponible','Activo'),(182,2,'2025-11-17','09:00:00','13:00:00','Disponible','Activo'),(183,3,'2025-11-17','15:00:00','19:00:00','Disponible','Activo'),(184,4,'2025-11-17','08:00:00','12:00:00','Disponible','Activo'),(185,5,'2025-11-17','14:00:00','18:00:00','Disponible','Activo'),(186,6,'2025-11-17','09:00:00','13:00:00','Disponible','Activo'),(187,7,'2025-11-17','15:00:00','19:00:00','Disponible','Activo'),(188,8,'2025-11-17','08:00:00','12:00:00','Disponible','Activo'),(189,9,'2025-11-17','14:00:00','18:00:00','Disponible','Activo'),(190,10,'2025-11-17','09:00:00','13:00:00','Disponible','Activo'),(191,11,'2025-11-17','15:00:00','19:00:00','Disponible','Activo'),(192,12,'2025-11-17','08:00:00','12:00:00','Disponible','Activo'),(193,13,'2025-11-17','14:00:00','18:00:00','Disponible','Activo'),(194,14,'2025-11-17','09:00:00','13:00:00','Disponible','Activo'),(195,15,'2025-11-17','15:00:00','19:00:00','Disponible','Activo'),(196,16,'2025-11-17','08:00:00','12:00:00','Disponible','Activo'),(197,19,'2025-11-17','15:00:00','19:00:00','Disponible','Activo'),(198,20,'2025-11-17','08:00:00','12:00:00','Disponible','Activo'),(199,3,'2025-11-04','08:00:00','14:00:00',NULL,'disponible'),(200,21,'2025-11-04','08:00:00','12:00:00','Disponible','Activo'),(201,21,'2025-11-04','15:00:00','19:00:00','Disponible','Activo'),(202,21,'2025-11-05','14:00:00','18:00:00','Disponible','Activo'),(203,21,'2025-11-06','08:00:00','12:00:00','Disponible','Activo'),(204,21,'2025-11-07','13:00:00','21:00:00','Disponible','Activo'),(205,21,'2025-11-10','09:00:00','13:00:00','Disponible','Activo'),(206,21,'2025-11-11','08:00:00','12:00:00','Disponible','Activo'),(207,21,'2025-11-11','13:00:00','21:00:00','Disponible','Activo'),(208,21,'2025-11-12','09:00:00','13:00:00','Disponible','Activo'),(209,21,'2025-11-12','13:00:00','21:00:00','Disponible','Activo'),(210,21,'2025-11-13','08:00:00','12:00:00','Disponible','Activo'),(211,21,'2025-11-14','07:00:00','15:00:00','Disponible','Activo'),(212,21,'2025-11-14','09:00:00','13:00:00','Disponible','Activo'),(213,21,'2025-11-17','13:00:00','21:00:00','Disponible','Activo'),(214,22,'2025-11-04','15:00:00','19:00:00','Disponible','Activo'),(215,22,'2025-11-05','13:00:00','21:00:00','Disponible','Activo'),(216,22,'2025-11-05','09:00:00','13:00:00','Disponible','Activo'),(217,22,'2025-11-06','07:00:00','15:00:00','Disponible','Activo'),(218,22,'2025-11-06','15:00:00','19:00:00','Disponible','Activo'),(219,22,'2025-11-07','08:00:00','12:00:00','Disponible','Activo'),(220,22,'2025-11-10','08:00:00','12:00:00','Disponible','Activo'),(221,22,'2025-11-11','13:00:00','21:00:00','Disponible','Activo'),(222,22,'2025-11-12','08:00:00','12:00:00','Disponible','Activo'),(223,22,'2025-11-13','14:00:00','18:00:00','Disponible','Activo'),(224,22,'2025-11-13','08:00:00','12:00:00','Disponible','Activo'),(225,22,'2025-11-14','09:00:00','13:00:00','Disponible','Activo'),(226,22,'2025-11-14','14:00:00','18:00:00','Disponible','Activo'),(227,22,'2025-11-17','08:00:00','12:00:00','Disponible','Activo'),(228,23,'2025-11-04','09:00:00','13:00:00','Disponible','Activo'),(229,23,'2025-11-05','09:00:00','13:00:00','Disponible','Activo'),(230,23,'2025-11-06','14:00:00','18:00:00','Disponible','Activo'),(231,23,'2025-11-06','15:00:00','19:00:00','Disponible','Activo'),(232,23,'2025-11-07','07:00:00','15:00:00','Disponible','Activo'),(233,23,'2025-11-10','08:00:00','12:00:00','Disponible','Activo'),(234,23,'2025-11-11','07:00:00','15:00:00','Disponible','Activo'),(235,23,'2025-11-11','09:00:00','13:00:00','Disponible','Activo'),(236,23,'2025-11-12','08:00:00','12:00:00','Disponible','Activo'),(237,23,'2025-11-13','07:00:00','15:00:00','Disponible','Activo'),(238,23,'2025-11-13','08:00:00','12:00:00','Disponible','Activo'),(239,23,'2025-11-14','15:00:00','19:00:00','Disponible','Activo'),(240,23,'2025-11-14','13:00:00','21:00:00','Disponible','Activo'),(241,23,'2025-11-17','07:00:00','15:00:00','Disponible','Activo'),(242,24,'2025-11-04','13:00:00','21:00:00','Disponible','Activo'),(243,24,'2025-11-05','14:00:00','18:00:00','Disponible','Activo'),(244,24,'2025-11-05','09:00:00','13:00:00','Disponible','Activo'),(245,24,'2025-11-06','13:00:00','21:00:00','Disponible','Activo'),(246,24,'2025-11-07','09:00:00','13:00:00','Disponible','Activo'),(247,24,'2025-11-07','15:00:00','19:00:00','Disponible','Activo'),(248,24,'2025-11-10','07:00:00','15:00:00','Disponible','Activo'),(249,24,'2025-11-10','13:00:00','21:00:00','Disponible','Activo'),(250,24,'2025-11-11','14:00:00','18:00:00','Disponible','Activo'),(251,24,'2025-11-12','14:00:00','18:00:00','Disponible','Activo'),(252,24,'2025-11-12','13:00:00','21:00:00','Disponible','Activo'),(253,24,'2025-11-13','14:00:00','18:00:00','Disponible','Activo'),(254,24,'2025-11-13','09:00:00','13:00:00','Disponible','Activo'),(255,24,'2025-11-14','14:00:00','18:00:00','Disponible','Activo'),(256,24,'2025-11-14','09:00:00','13:00:00','Disponible','Activo'),(257,24,'2025-11-17','14:00:00','18:00:00','Disponible','Activo'),(258,24,'2025-11-17','13:00:00','21:00:00','Disponible','Activo'),(259,25,'2025-11-04','15:00:00','19:00:00','Disponible','Activo'),(260,25,'2025-11-05','07:00:00','15:00:00','Disponible','Activo'),(261,25,'2025-11-06','08:00:00','12:00:00','Disponible','Activo'),(262,25,'2025-11-07','09:00:00','13:00:00','Disponible','Activo'),(263,25,'2025-11-07','13:00:00','21:00:00','Disponible','Activo'),(264,25,'2025-11-10','15:00:00','19:00:00','Disponible','Activo'),(265,25,'2025-11-10','09:00:00','13:00:00','Disponible','Activo'),(266,25,'2025-11-11','07:00:00','15:00:00','Disponible','Activo'),(267,25,'2025-11-12','13:00:00','21:00:00','Disponible','Activo'),(268,25,'2025-11-13','09:00:00','13:00:00','Disponible','Activo'),(269,25,'2025-11-13','14:00:00','18:00:00','Disponible','Activo'),(270,25,'2025-11-14','08:00:00','12:00:00','Disponible','Activo'),(271,25,'2025-11-17','09:00:00','13:00:00','Disponible','Activo'),(272,26,'2025-11-04','13:00:00','21:00:00','Disponible','Activo'),(273,26,'2025-11-04','09:00:00','13:00:00','Disponible','Activo'),(274,26,'2025-11-05','08:00:00','12:00:00','Disponible','Activo'),(275,26,'2025-11-06','09:00:00','13:00:00','Disponible','Activo'),(276,26,'2025-11-06','07:00:00','15:00:00','Disponible','Activo'),(277,26,'2025-11-07','09:00:00','13:00:00','Disponible','Activo'),(278,26,'2025-11-10','09:00:00','13:00:00','Disponible','Activo'),(279,26,'2025-11-11','14:00:00','18:00:00','Disponible','Activo'),(280,26,'2025-11-11','13:00:00','21:00:00','Disponible','Activo'),(281,26,'2025-11-12','09:00:00','13:00:00','Disponible','Activo'),(282,26,'2025-11-13','09:00:00','13:00:00','Disponible','Activo'),(283,26,'2025-11-14','09:00:00','13:00:00','Disponible','Activo'),(284,26,'2025-11-14','08:00:00','12:00:00','Disponible','Activo'),(285,26,'2025-11-17','14:00:00','18:00:00','Disponible','Activo'),(286,26,'2025-11-17','13:00:00','21:00:00','Disponible','Activo'),(287,27,'2025-11-04','09:00:00','13:00:00','Disponible','Activo'),(288,27,'2025-11-04','15:00:00','19:00:00','Disponible','Activo'),(289,27,'2025-11-05','09:00:00','13:00:00','Disponible','Activo'),(290,27,'2025-11-05','07:00:00','15:00:00','Disponible','Activo'),(291,27,'2025-11-06','15:00:00','19:00:00','Disponible','Activo'),(292,27,'2025-11-06','09:00:00','13:00:00','Disponible','Activo'),(293,27,'2025-11-07','15:00:00','19:00:00','Disponible','Activo'),(294,27,'2025-11-10','08:00:00','12:00:00','Disponible','Activo'),(295,27,'2025-11-11','07:00:00','15:00:00','Disponible','Activo'),(296,27,'2025-11-12','07:00:00','15:00:00','Disponible','Activo'),(297,27,'2025-11-13','13:00:00','21:00:00','Disponible','Activo'),(298,27,'2025-11-14','14:00:00','18:00:00','Disponible','Activo'),(299,27,'2025-11-17','13:00:00','21:00:00','Disponible','Activo'),(300,28,'2025-11-04','08:00:00','12:00:00','Ocupado','Activo'),(301,28,'2025-11-05','07:00:00','15:00:00','Disponible','Activo'),(302,28,'2025-11-06','14:00:00','18:00:00','Disponible','Activo'),(303,28,'2025-11-06','13:00:00','21:00:00','Disponible','Activo'),(304,28,'2025-11-07','14:00:00','18:00:00','Disponible','Activo'),(305,28,'2025-11-07','15:00:00','19:00:00','Disponible','Activo'),(306,28,'2025-11-10','08:00:00','12:00:00','Disponible','Activo'),(307,28,'2025-11-11','13:00:00','21:00:00','Disponible','Activo'),(308,28,'2025-11-11','14:00:00','18:00:00','Disponible','Activo'),(309,28,'2025-11-12','08:00:00','12:00:00','Disponible','Activo'),(310,28,'2025-11-13','09:00:00','13:00:00','Disponible','Activo'),(311,28,'2025-11-14','08:00:00','12:00:00','Disponible','Activo'),(312,28,'2025-11-14','07:00:00','15:00:00','Disponible','Activo'),(313,28,'2025-11-17','14:00:00','18:00:00','Disponible','Activo'),(314,29,'2025-11-04','14:00:00','18:00:00','Disponible','Activo'),(315,29,'2025-11-05','13:00:00','21:00:00','Disponible','Activo'),(316,29,'2025-11-05','09:00:00','13:00:00','Disponible','Activo'),(317,29,'2025-11-06','09:00:00','13:00:00','Disponible','Activo'),(318,29,'2025-11-07','08:00:00','12:00:00','Disponible','Activo'),(319,29,'2025-11-07','13:00:00','21:00:00','Disponible','Activo'),(320,29,'2025-11-10','13:00:00','21:00:00','Disponible','Activo'),(321,29,'2025-11-10','07:00:00','15:00:00','Disponible','Activo'),(322,29,'2025-11-11','08:00:00','12:00:00','Disponible','Activo'),(323,29,'2025-11-12','09:00:00','13:00:00','Disponible','Activo'),(324,29,'2025-11-12','08:00:00','12:00:00','Disponible','Activo'),(325,29,'2025-11-13','08:00:00','12:00:00','Disponible','Activo'),(326,29,'2025-11-14','13:00:00','21:00:00','Disponible','Activo'),(327,29,'2025-11-17','13:00:00','21:00:00','Disponible','Activo'),(328,30,'2025-11-04','07:00:00','15:00:00','Disponible','Activo'),(329,30,'2025-11-04','09:00:00','13:00:00','Disponible','Activo'),(330,30,'2025-11-05','13:00:00','21:00:00','Disponible','Activo'),(331,30,'2025-11-06','07:00:00','15:00:00','Disponible','Activo'),(332,30,'2025-11-07','08:00:00','12:00:00','Disponible','Activo'),(333,30,'2025-11-07','14:00:00','18:00:00','Disponible','Activo'),(334,30,'2025-11-10','13:00:00','21:00:00','Disponible','Activo'),(335,30,'2025-11-11','15:00:00','19:00:00','Disponible','Activo'),(336,30,'2025-11-11','09:00:00','13:00:00','Disponible','Activo'),(337,30,'2025-11-12','14:00:00','18:00:00','Disponible','Activo'),(338,30,'2025-11-12','13:00:00','21:00:00','Disponible','Activo'),(339,30,'2025-11-13','15:00:00','19:00:00','Disponible','Activo'),(340,30,'2025-11-14','14:00:00','18:00:00','Disponible','Activo'),(341,30,'2025-11-14','08:00:00','12:00:00','Disponible','Activo'),(342,30,'2025-11-17','08:00:00','12:00:00','Disponible','Activo'),(343,31,'2025-11-04','07:00:00','15:00:00','Disponible','Activo'),(344,31,'2025-11-04','14:00:00','18:00:00','Disponible','Activo'),(345,31,'2025-11-05','15:00:00','19:00:00','Disponible','Activo'),(346,31,'2025-11-05','08:00:00','12:00:00','Disponible','Activo'),(347,31,'2025-11-06','08:00:00','12:00:00','Disponible','Activo'),(348,31,'2025-11-06','09:00:00','13:00:00','Disponible','Activo'),(349,31,'2025-11-07','09:00:00','13:00:00','Disponible','Activo'),(350,31,'2025-11-10','15:00:00','19:00:00','Disponible','Activo'),(351,31,'2025-11-11','08:00:00','12:00:00','Disponible','Activo'),(352,31,'2025-11-11','13:00:00','21:00:00','Disponible','Activo'),(353,31,'2025-11-12','15:00:00','19:00:00','Disponible','Activo'),(354,31,'2025-11-13','07:00:00','15:00:00','Disponible','Activo'),(355,31,'2025-11-14','13:00:00','21:00:00','Disponible','Activo'),(356,31,'2025-11-17','15:00:00','19:00:00','Disponible','Activo'),(357,32,'2025-11-04','07:00:00','15:00:00','Disponible','Activo'),(358,32,'2025-11-04','14:00:00','18:00:00','Disponible','Activo'),(359,32,'2025-11-05','07:00:00','15:00:00','Disponible','Activo'),(360,32,'2025-11-06','14:00:00','18:00:00','Disponible','Activo'),(361,32,'2025-11-07','09:00:00','13:00:00','Disponible','Activo'),(362,32,'2025-11-10','08:00:00','12:00:00','Disponible','Activo'),(363,32,'2025-11-11','13:00:00','21:00:00','Disponible','Activo'),(364,32,'2025-11-11','08:00:00','12:00:00','Disponible','Activo'),(365,32,'2025-11-12','07:00:00','15:00:00','Disponible','Activo'),(366,32,'2025-11-12','15:00:00','19:00:00','Disponible','Activo'),(367,32,'2025-11-13','13:00:00','21:00:00','Disponible','Activo'),(368,32,'2025-11-13','07:00:00','15:00:00','Disponible','Activo'),(369,32,'2025-11-14','09:00:00','13:00:00','Disponible','Activo'),(370,32,'2025-11-14','07:00:00','15:00:00','Disponible','Activo'),(371,32,'2025-11-17','14:00:00','18:00:00','Disponible','Activo'),(372,32,'2025-11-17','09:00:00','13:00:00','Disponible','Activo'),(373,33,'2025-11-04','15:00:00','19:00:00','Disponible','Activo'),(374,33,'2025-11-04','07:00:00','15:00:00','Disponible','Activo'),(375,33,'2025-11-05','07:00:00','15:00:00','Disponible','Activo'),(376,33,'2025-11-05','09:00:00','13:00:00','Disponible','Activo'),(377,33,'2025-11-06','14:00:00','18:00:00','Disponible','Activo'),(378,33,'2025-11-07','15:00:00','19:00:00','Disponible','Activo'),(379,33,'2025-11-10','13:00:00','21:00:00','Disponible','Activo'),(380,33,'2025-11-11','13:00:00','21:00:00','Disponible','Activo'),(381,33,'2025-11-12','07:00:00','15:00:00','Disponible','Activo'),(382,33,'2025-11-12','09:00:00','13:00:00','Disponible','Activo'),(383,33,'2025-11-13','14:00:00','18:00:00','Disponible','Activo'),(384,33,'2025-11-13','13:00:00','21:00:00','Disponible','Activo'),(385,33,'2025-11-14','07:00:00','15:00:00','Disponible','Activo'),(386,33,'2025-11-17','13:00:00','21:00:00','Disponible','Activo'),(387,33,'2025-11-17','15:00:00','19:00:00','Disponible','Activo'),(388,34,'2025-11-04','09:00:00','13:00:00','Disponible','Activo'),(389,34,'2025-11-04','15:00:00','19:00:00','Disponible','Activo'),(390,34,'2025-11-05','14:00:00','18:00:00','Disponible','Activo'),(391,34,'2025-11-05','08:00:00','12:00:00','Disponible','Activo'),(392,34,'2025-11-06','13:00:00','21:00:00','Disponible','Activo'),(393,34,'2025-11-06','15:00:00','19:00:00','Disponible','Activo'),(394,34,'2025-11-07','13:00:00','21:00:00','Disponible','Activo'),(395,34,'2025-11-07','07:00:00','15:00:00','Disponible','Activo'),(396,34,'2025-11-10','13:00:00','21:00:00','Disponible','Activo'),(397,34,'2025-11-10','08:00:00','12:00:00','Disponible','Activo'),(398,34,'2025-11-11','13:00:00','21:00:00','Disponible','Activo'),(399,34,'2025-11-12','13:00:00','21:00:00','Disponible','Activo'),(400,34,'2025-11-12','07:00:00','15:00:00','Disponible','Activo'),(401,34,'2025-11-13','13:00:00','21:00:00','Disponible','Activo'),(402,34,'2025-11-14','09:00:00','13:00:00','Disponible','Activo'),(403,34,'2025-11-14','14:00:00','18:00:00','Disponible','Activo'),(404,34,'2025-11-17','15:00:00','19:00:00','Disponible','Activo'),(405,34,'2025-11-17','07:00:00','15:00:00','Disponible','Activo'),(406,35,'2025-11-04','08:00:00','12:00:00','Disponible','Activo'),(407,35,'2025-11-04','14:00:00','18:00:00','Disponible','Activo'),(408,35,'2025-11-05','15:00:00','19:00:00','Disponible','Activo'),(409,35,'2025-11-05','13:00:00','21:00:00','Disponible','Activo'),(410,35,'2025-11-06','09:00:00','13:00:00','Disponible','Activo'),(411,35,'2025-11-06','07:00:00','15:00:00','Disponible','Activo'),(412,35,'2025-11-07','07:00:00','15:00:00','Disponible','Activo'),(413,35,'2025-11-07','09:00:00','13:00:00','Disponible','Activo'),(414,35,'2025-11-10','09:00:00','13:00:00','Disponible','Activo'),(415,35,'2025-11-11','14:00:00','18:00:00','Disponible','Activo'),(416,35,'2025-11-12','13:00:00','21:00:00','Disponible','Activo'),(417,35,'2025-11-12','15:00:00','19:00:00','Disponible','Activo'),(418,35,'2025-11-13','09:00:00','13:00:00','Disponible','Activo'),(419,35,'2025-11-14','14:00:00','18:00:00','Disponible','Activo'),(420,35,'2025-11-17','08:00:00','12:00:00','Disponible','Activo'),(421,35,'2025-11-17','09:00:00','13:00:00','Disponible','Activo'),(422,36,'2025-11-04','08:00:00','12:00:00','Disponible','Activo'),(423,36,'2025-11-05','14:00:00','18:00:00','Disponible','Activo'),(424,36,'2025-11-06','14:00:00','18:00:00','Disponible','Activo'),(425,36,'2025-11-06','15:00:00','19:00:00','Disponible','Activo'),(426,36,'2025-11-07','15:00:00','19:00:00','Disponible','Activo'),(427,36,'2025-11-10','14:00:00','18:00:00','Disponible','Activo'),(428,36,'2025-11-10','07:00:00','15:00:00','Disponible','Activo'),(429,36,'2025-11-11','08:00:00','12:00:00','Disponible','Activo'),(430,36,'2025-11-12','09:00:00','13:00:00','Disponible','Activo'),(431,36,'2025-11-13','08:00:00','12:00:00','Disponible','Activo'),(432,36,'2025-11-13','13:00:00','21:00:00','Disponible','Activo'),(433,36,'2025-11-14','13:00:00','21:00:00','Disponible','Activo'),(434,36,'2025-11-17','09:00:00','13:00:00','Disponible','Activo'),(435,37,'2025-11-04','09:00:00','13:00:00','Disponible','Activo'),(436,37,'2025-11-04','14:00:00','18:00:00','Disponible','Activo'),(437,37,'2025-11-05','15:00:00','19:00:00','Disponible','Activo'),(438,37,'2025-11-05','09:00:00','13:00:00','Disponible','Activo'),(439,37,'2025-11-06','09:00:00','13:00:00','Disponible','Activo'),(440,37,'2025-11-07','15:00:00','19:00:00','Disponible','Activo'),(441,37,'2025-11-07','07:00:00','15:00:00','Disponible','Activo'),(442,37,'2025-11-10','07:00:00','15:00:00','Disponible','Activo'),(443,37,'2025-11-10','08:00:00','12:00:00','Disponible','Activo'),(444,37,'2025-11-11','08:00:00','12:00:00','Disponible','Activo'),(445,37,'2025-11-11','15:00:00','19:00:00','Disponible','Activo'),(446,37,'2025-11-12','09:00:00','13:00:00','Disponible','Activo'),(447,37,'2025-11-13','09:00:00','13:00:00','Disponible','Activo'),(448,37,'2025-11-14','09:00:00','13:00:00','Disponible','Activo'),(449,37,'2025-11-17','13:00:00','21:00:00','Disponible','Activo'),(450,37,'2025-11-17','15:00:00','19:00:00','Disponible','Activo'),(451,38,'2025-11-04','14:00:00','18:00:00','Disponible','Activo'),(452,38,'2025-11-04','08:00:00','12:00:00','Disponible','Activo'),(453,38,'2025-11-05','07:00:00','15:00:00','Disponible','Activo'),(454,38,'2025-11-06','07:00:00','15:00:00','Disponible','Activo'),(455,38,'2025-11-07','13:00:00','21:00:00','Disponible','Activo'),(456,38,'2025-11-10','07:00:00','15:00:00','Disponible','Activo'),(457,38,'2025-11-11','14:00:00','18:00:00','Disponible','Activo'),(458,38,'2025-11-11','15:00:00','19:00:00','Disponible','Activo'),(459,38,'2025-11-12','14:00:00','18:00:00','Disponible','Activo'),(460,38,'2025-11-12','07:00:00','15:00:00','Disponible','Activo'),(461,38,'2025-11-13','13:00:00','21:00:00','Disponible','Activo'),(462,38,'2025-11-13','14:00:00','18:00:00','Disponible','Activo'),(463,38,'2025-11-14','13:00:00','21:00:00','Disponible','Activo'),(464,38,'2025-11-14','09:00:00','13:00:00','Disponible','Activo'),(465,38,'2025-11-17','07:00:00','15:00:00','Disponible','Activo'),(466,38,'2025-11-17','14:00:00','18:00:00','Disponible','Activo'),(467,39,'2025-11-04','08:00:00','12:00:00','Disponible','Activo'),(468,39,'2025-11-04','09:00:00','13:00:00','Disponible','Activo'),(469,39,'2025-11-05','08:00:00','12:00:00','Disponible','Activo'),(470,39,'2025-11-06','07:00:00','15:00:00','Disponible','Activo'),(471,39,'2025-11-06','13:00:00','21:00:00','Disponible','Activo'),(472,39,'2025-11-07','14:00:00','18:00:00','Disponible','Activo'),(473,39,'2025-11-10','08:00:00','12:00:00','Disponible','Activo'),(474,39,'2025-11-10','09:00:00','13:00:00','Disponible','Activo'),(475,39,'2025-11-11','08:00:00','12:00:00','Disponible','Activo'),(476,39,'2025-11-12','08:00:00','12:00:00','Disponible','Activo'),(477,39,'2025-11-13','13:00:00','21:00:00','Disponible','Activo'),(478,39,'2025-11-13','08:00:00','12:00:00','Disponible','Activo'),(479,39,'2025-11-14','13:00:00','21:00:00','Disponible','Activo'),(480,39,'2025-11-14','07:00:00','15:00:00','Disponible','Activo'),(481,39,'2025-11-17','14:00:00','18:00:00','Disponible','Activo'),(482,40,'2025-11-04','09:00:00','13:00:00','Disponible','Activo'),(483,40,'2025-11-04','13:00:00','21:00:00','Disponible','Activo'),(484,40,'2025-11-05','13:00:00','21:00:00','Disponible','Activo'),(485,40,'2025-11-05','14:00:00','18:00:00','Disponible','Activo'),(486,40,'2025-11-06','09:00:00','13:00:00','Disponible','Activo'),(487,40,'2025-11-07','15:00:00','19:00:00','Disponible','Activo'),(488,40,'2025-11-10','14:00:00','18:00:00','Disponible','Activo'),(489,40,'2025-11-10','07:00:00','15:00:00','Disponible','Activo'),(490,40,'2025-11-11','08:00:00','12:00:00','Disponible','Activo'),(491,40,'2025-11-12','14:00:00','18:00:00','Disponible','Activo'),(492,40,'2025-11-13','14:00:00','18:00:00','Disponible','Activo'),(493,40,'2025-11-14','13:00:00','21:00:00','Disponible','Activo'),(494,40,'2025-11-17','08:00:00','12:00:00','Disponible','Activo'),(495,40,'2025-11-17','15:00:00','19:00:00','Disponible','Activo'),(496,41,'2025-11-04','09:00:00','13:00:00','Disponible','Activo'),(497,41,'2025-11-05','08:00:00','12:00:00','Disponible','Activo'),(498,41,'2025-11-06','15:00:00','19:00:00','Disponible','Activo'),(499,41,'2025-11-07','08:00:00','12:00:00','Disponible','Activo'),(500,41,'2025-11-10','13:00:00','21:00:00','Disponible','Activo'),(501,41,'2025-11-10','07:00:00','15:00:00','Disponible','Activo'),(502,41,'2025-11-11','07:00:00','15:00:00','Disponible','Activo'),(503,41,'2025-11-12','08:00:00','12:00:00','Disponible','Activo'),(504,41,'2025-11-12','13:00:00','21:00:00','Disponible','Activo'),(505,41,'2025-11-13','15:00:00','19:00:00','Disponible','Activo'),(506,41,'2025-11-13','14:00:00','18:00:00','Disponible','Activo'),(507,41,'2025-11-14','13:00:00','21:00:00','Disponible','Activo'),(508,41,'2025-11-17','15:00:00','19:00:00','Disponible','Activo'),(509,41,'2025-11-17','07:00:00','15:00:00','Disponible','Activo'),(510,42,'2025-11-04','15:00:00','19:00:00','Disponible','Activo'),(511,42,'2025-11-05','14:00:00','18:00:00','Disponible','Activo'),(512,42,'2025-11-05','08:00:00','12:00:00','Disponible','Activo'),(513,42,'2025-11-06','07:00:00','15:00:00','Disponible','Activo'),(514,42,'2025-11-07','15:00:00','19:00:00','Disponible','Activo'),(515,42,'2025-11-10','08:00:00','12:00:00','Disponible','Activo'),(516,42,'2025-11-11','13:00:00','21:00:00','Disponible','Activo'),(517,42,'2025-11-12','15:00:00','19:00:00','Disponible','Activo'),(518,42,'2025-11-12','07:00:00','15:00:00','Disponible','Activo'),(519,42,'2025-11-13','13:00:00','21:00:00','Disponible','Activo'),(520,42,'2025-11-14','14:00:00','18:00:00','Disponible','Activo'),(521,42,'2025-11-14','09:00:00','13:00:00','Disponible','Activo'),(522,42,'2025-11-17','09:00:00','13:00:00','Disponible','Activo'),(523,42,'2025-11-17','08:00:00','12:00:00','Disponible','Activo'),(524,43,'2025-11-04','14:00:00','18:00:00','Disponible','Activo'),(525,43,'2025-11-04','15:00:00','19:00:00','Disponible','Activo'),(526,43,'2025-11-05','07:00:00','15:00:00','Disponible','Activo'),(527,43,'2025-11-05','09:00:00','13:00:00','Disponible','Activo'),(528,43,'2025-11-06','08:00:00','12:00:00','Disponible','Activo'),(529,43,'2025-11-06','15:00:00','19:00:00','Disponible','Activo'),(530,43,'2025-11-07','14:00:00','18:00:00','Disponible','Activo'),(531,43,'2025-11-10','15:00:00','19:00:00','Disponible','Activo'),(532,43,'2025-11-10','13:00:00','21:00:00','Disponible','Activo'),(533,43,'2025-11-11','15:00:00','19:00:00','Disponible','Activo'),(534,43,'2025-11-11','08:00:00','12:00:00','Disponible','Activo'),(535,43,'2025-11-12','14:00:00','18:00:00','Disponible','Activo'),(536,43,'2025-11-12','15:00:00','19:00:00','Disponible','Activo'),(537,43,'2025-11-13','08:00:00','12:00:00','Disponible','Activo'),(538,43,'2025-11-13','09:00:00','13:00:00','Disponible','Activo'),(539,43,'2025-11-14','14:00:00','18:00:00','Disponible','Activo'),(540,43,'2025-11-17','13:00:00','21:00:00','Disponible','Activo'),(541,43,'2025-11-17','15:00:00','19:00:00','Disponible','Activo'),(542,44,'2025-11-04','08:00:00','12:00:00','Disponible','Activo'),(543,44,'2025-11-04','09:00:00','13:00:00','Disponible','Activo'),(544,44,'2025-11-05','13:00:00','21:00:00','Disponible','Activo'),(545,44,'2025-11-05','07:00:00','15:00:00','Disponible','Activo'),(546,44,'2025-11-06','09:00:00','13:00:00','Disponible','Activo'),(547,44,'2025-11-07','15:00:00','19:00:00','Disponible','Activo'),(548,44,'2025-11-10','07:00:00','15:00:00','Disponible','Activo'),(549,44,'2025-11-10','14:00:00','18:00:00','Disponible','Activo'),(550,44,'2025-11-11','09:00:00','13:00:00','Disponible','Activo'),(551,44,'2025-11-12','09:00:00','13:00:00','Disponible','Activo'),(552,44,'2025-11-13','07:00:00','15:00:00','Disponible','Activo'),(553,44,'2025-11-14','13:00:00','21:00:00','Disponible','Activo'),(554,44,'2025-11-14','07:00:00','15:00:00','Disponible','Activo'),(555,44,'2025-11-17','13:00:00','21:00:00','Disponible','Activo'),(556,44,'2025-11-17','09:00:00','13:00:00','Disponible','Activo'),(557,45,'2025-11-04','14:00:00','18:00:00','Disponible','Activo'),(558,45,'2025-11-04','07:00:00','15:00:00','Disponible','Activo'),(559,45,'2025-11-05','13:00:00','21:00:00','Disponible','Activo'),(560,45,'2025-11-05','15:00:00','19:00:00','Disponible','Activo'),(561,45,'2025-11-06','08:00:00','12:00:00','Disponible','Activo'),(562,45,'2025-11-07','15:00:00','19:00:00','Disponible','Activo'),(563,45,'2025-11-10','08:00:00','12:00:00','Disponible','Activo'),(564,45,'2025-11-11','13:00:00','21:00:00','Disponible','Activo'),(565,45,'2025-11-11','14:00:00','18:00:00','Disponible','Activo'),(566,45,'2025-11-12','09:00:00','13:00:00','Disponible','Activo'),(567,45,'2025-11-13','15:00:00','19:00:00','Disponible','Activo'),(568,45,'2025-11-13','07:00:00','15:00:00','Disponible','Activo'),(569,45,'2025-11-14','13:00:00','21:00:00','Disponible','Activo'),(570,45,'2025-11-17','15:00:00','19:00:00','Disponible','Activo'),(571,46,'2025-11-04','09:00:00','13:00:00','Disponible','Activo'),(572,46,'2025-11-05','14:00:00','18:00:00','Disponible','Activo'),(573,46,'2025-11-06','13:00:00','21:00:00','Disponible','Activo'),(574,46,'2025-11-07','15:00:00','19:00:00','Disponible','Activo'),(575,46,'2025-11-10','14:00:00','18:00:00','Disponible','Activo'),(576,46,'2025-11-11','08:00:00','12:00:00','Disponible','Activo'),(577,46,'2025-11-11','07:00:00','15:00:00','Disponible','Activo'),(578,46,'2025-11-12','15:00:00','19:00:00','Disponible','Activo'),(579,46,'2025-11-12','13:00:00','21:00:00','Disponible','Activo'),(580,46,'2025-11-13','09:00:00','13:00:00','Disponible','Activo'),(581,46,'2025-11-14','15:00:00','19:00:00','Disponible','Activo'),(582,46,'2025-11-17','09:00:00','13:00:00','Disponible','Activo'),(583,47,'2025-11-04','08:00:00','12:00:00','Disponible','Activo'),(584,47,'2025-11-04','13:00:00','21:00:00','Disponible','Activo'),(585,47,'2025-11-05','08:00:00','12:00:00','Disponible','Activo'),(586,47,'2025-11-05','15:00:00','19:00:00','Disponible','Activo'),(587,47,'2025-11-06','08:00:00','12:00:00','Disponible','Activo'),(588,47,'2025-11-07','14:00:00','18:00:00','Disponible','Activo'),(589,47,'2025-11-10','07:00:00','15:00:00','Disponible','Activo'),(590,47,'2025-11-11','09:00:00','13:00:00','Disponible','Activo'),(591,47,'2025-11-11','15:00:00','19:00:00','Disponible','Activo'),(592,47,'2025-11-12','07:00:00','15:00:00','Disponible','Activo'),(593,47,'2025-11-13','07:00:00','15:00:00','Disponible','Activo'),(594,47,'2025-11-13','14:00:00','18:00:00','Disponible','Activo'),(595,47,'2025-11-14','07:00:00','15:00:00','Disponible','Activo'),(596,47,'2025-11-17','08:00:00','12:00:00','Disponible','Activo'),(597,47,'2025-11-17','15:00:00','19:00:00','Disponible','Activo'),(598,48,'2025-11-04','08:00:00','12:00:00','Disponible','Activo'),(599,48,'2025-11-04','14:00:00','18:00:00','Disponible','Activo'),(600,48,'2025-11-05','09:00:00','13:00:00','Disponible','Activo'),(601,48,'2025-11-06','09:00:00','13:00:00','Disponible','Activo'),(602,48,'2025-11-07','15:00:00','19:00:00','Disponible','Activo'),(603,48,'2025-11-10','15:00:00','19:00:00','Disponible','Activo'),(604,48,'2025-11-11','15:00:00','19:00:00','Disponible','Activo'),(605,48,'2025-11-11','09:00:00','13:00:00','Disponible','Activo'),(606,48,'2025-11-12','15:00:00','19:00:00','Disponible','Activo'),(607,48,'2025-11-12','13:00:00','21:00:00','Disponible','Activo'),(608,48,'2025-11-13','09:00:00','13:00:00','Disponible','Activo'),(609,48,'2025-11-13','07:00:00','15:00:00','Disponible','Activo'),(610,48,'2025-11-14','13:00:00','21:00:00','Disponible','Activo'),(611,48,'2025-11-17','09:00:00','13:00:00','Disponible','Activo'),(612,49,'2025-11-04','08:00:00','12:00:00','Disponible','Activo'),(613,49,'2025-11-05','09:00:00','13:00:00','Disponible','Activo'),(614,49,'2025-11-05','08:00:00','12:00:00','Disponible','Activo'),(615,49,'2025-11-06','14:00:00','18:00:00','Disponible','Activo'),(616,49,'2025-11-07','07:00:00','15:00:00','Disponible','Activo'),(617,49,'2025-11-07','15:00:00','19:00:00','Disponible','Activo'),(618,49,'2025-11-10','13:00:00','21:00:00','Disponible','Activo'),(619,49,'2025-11-11','08:00:00','12:00:00','Disponible','Activo'),(620,49,'2025-11-11','13:00:00','21:00:00','Disponible','Activo'),(621,49,'2025-11-12','08:00:00','12:00:00','Disponible','Activo'),(622,49,'2025-11-13','15:00:00','19:00:00','Disponible','Activo'),(623,49,'2025-11-14','14:00:00','18:00:00','Disponible','Activo'),(624,49,'2025-11-14','07:00:00','15:00:00','Disponible','Activo'),(625,49,'2025-11-17','15:00:00','19:00:00','Disponible','Activo'),(626,50,'2025-11-04','15:00:00','19:00:00','Disponible','Activo'),(627,50,'2025-11-05','08:00:00','12:00:00','Disponible','Activo'),(628,50,'2025-11-05','13:00:00','21:00:00','Disponible','Activo'),(629,50,'2025-11-06','07:00:00','15:00:00','Disponible','Activo'),(630,50,'2025-11-06','08:00:00','12:00:00','Disponible','Activo'),(631,50,'2025-11-07','09:00:00','13:00:00','Disponible','Activo'),(632,50,'2025-11-07','14:00:00','18:00:00','Disponible','Activo'),(633,50,'2025-11-10','09:00:00','13:00:00','Disponible','Activo'),(634,50,'2025-11-10','13:00:00','21:00:00','Disponible','Activo'),(635,50,'2025-11-11','07:00:00','15:00:00','Disponible','Activo'),(636,50,'2025-11-11','09:00:00','13:00:00','Disponible','Activo'),(637,50,'2025-11-12','08:00:00','12:00:00','Disponible','Activo'),(638,50,'2025-11-12','15:00:00','19:00:00','Disponible','Activo'),(639,50,'2025-11-13','13:00:00','21:00:00','Disponible','Activo'),(640,50,'2025-11-13','08:00:00','12:00:00','Disponible','Activo'),(641,50,'2025-11-14','09:00:00','13:00:00','Disponible','Activo'),(642,50,'2025-11-17','14:00:00','18:00:00','Disponible','Activo'),(643,50,'2025-11-17','13:00:00','21:00:00','Disponible','Activo'),(644,21,'2025-11-04','14:00:00','18:00:00','Disponible','Activo'),(645,22,'2025-11-04','09:00:00','13:00:00','Disponible','Activo'),(646,23,'2025-11-04','15:00:00','19:00:00','Ocupado','Activo'),(647,24,'2025-11-04','08:00:00','12:00:00','Disponible','Activo'),(648,25,'2025-11-04','14:00:00','18:00:00','Disponible','Activo'),(649,31,'2025-11-04','15:00:00','19:00:00','Disponible','Activo'),(650,32,'2025-11-04','08:00:00','12:00:00','Disponible','Activo'),(651,33,'2025-11-04','14:00:00','18:00:00','Disponible','Activo'),(652,35,'2025-11-04','15:00:00','19:00:00','Disponible','Activo'),(653,38,'2025-11-04','09:00:00','13:00:00','Disponible','Activo'),(654,39,'2025-11-04','15:00:00','19:00:00','Disponible','Activo'),(655,40,'2025-11-04','08:00:00','12:00:00','Disponible','Activo'),(656,41,'2025-11-04','14:00:00','18:00:00','Disponible','Activo'),(657,42,'2025-11-04','09:00:00','13:00:00','Disponible','Activo'),(658,47,'2025-11-04','15:00:00','19:00:00','Disponible','Activo'),(659,49,'2025-11-04','14:00:00','18:00:00','Disponible','Activo'),(660,50,'2025-11-04','09:00:00','13:00:00','Disponible','Activo'),(661,23,'2025-11-05','15:00:00','19:00:00','Disponible','Activo'),(662,24,'2025-11-05','08:00:00','12:00:00','Disponible','Activo'),(663,25,'2025-11-05','14:00:00','18:00:00','Disponible','Activo'),(664,26,'2025-11-05','09:00:00','13:00:00','Disponible','Activo'),(665,27,'2025-11-05','15:00:00','19:00:00','Disponible','Activo'),(666,28,'2025-11-05','08:00:00','12:00:00','Disponible','Activo'),(667,29,'2025-11-05','14:00:00','18:00:00','Disponible','Activo'),(668,30,'2025-11-05','09:00:00','13:00:00','Disponible','Activo'),(669,32,'2025-11-05','08:00:00','12:00:00','Disponible','Activo'),(670,33,'2025-11-05','14:00:00','18:00:00','Disponible','Activo'),(671,34,'2025-11-05','09:00:00','13:00:00','Disponible','Activo'),(672,36,'2025-11-05','08:00:00','12:00:00','Disponible','Activo'),(673,37,'2025-11-05','14:00:00','18:00:00','Disponible','Activo'),(674,38,'2025-11-05','09:00:00','13:00:00','Disponible','Activo'),(675,39,'2025-11-05','15:00:00','19:00:00','Disponible','Activo'),(676,40,'2025-11-05','08:00:00','12:00:00','Disponible','Activo'),(677,41,'2025-11-05','14:00:00','18:00:00','Disponible','Activo'),(678,42,'2025-11-05','09:00:00','13:00:00','Disponible','Activo'),(679,43,'2025-11-05','15:00:00','19:00:00','Disponible','Activo'),(680,44,'2025-11-05','08:00:00','12:00:00','Disponible','Activo'),(681,45,'2025-11-05','14:00:00','18:00:00','Disponible','Activo'),(682,46,'2025-11-05','09:00:00','13:00:00','Disponible','Activo'),(683,48,'2025-11-05','08:00:00','12:00:00','Disponible','Activo'),(684,49,'2025-11-05','14:00:00','18:00:00','Disponible','Activo'),(685,50,'2025-11-05','09:00:00','13:00:00','Disponible','Activo'),(686,21,'2025-11-06','14:00:00','18:00:00','Disponible','Activo'),(687,22,'2025-11-06','09:00:00','13:00:00','Disponible','Activo'),(688,24,'2025-11-06','08:00:00','12:00:00','Disponible','Activo'),(689,25,'2025-11-06','14:00:00','18:00:00','Disponible','Activo'),(690,28,'2025-11-06','08:00:00','12:00:00','Disponible','Activo'),(691,29,'2025-11-06','14:00:00','18:00:00','Disponible','Activo'),(692,30,'2025-11-06','09:00:00','13:00:00','Disponible','Activo'),(693,31,'2025-11-06','15:00:00','19:00:00','Disponible','Activo'),(694,32,'2025-11-06','08:00:00','12:00:00','Disponible','Activo'),(695,34,'2025-11-06','09:00:00','13:00:00','Disponible','Activo'),(696,35,'2025-11-06','15:00:00','19:00:00','Disponible','Activo'),(697,36,'2025-11-06','08:00:00','12:00:00','Disponible','Activo'),(698,37,'2025-11-06','14:00:00','18:00:00','Disponible','Activo'),(699,38,'2025-11-06','09:00:00','13:00:00','Disponible','Activo'),(700,39,'2025-11-06','15:00:00','19:00:00','Disponible','Activo'),(701,40,'2025-11-06','08:00:00','12:00:00','Disponible','Activo'),(702,41,'2025-11-06','14:00:00','18:00:00','Disponible','Activo'),(703,42,'2025-11-06','09:00:00','13:00:00','Disponible','Activo'),(704,44,'2025-11-06','08:00:00','12:00:00','Disponible','Activo'),(705,45,'2025-11-06','14:00:00','18:00:00','Disponible','Activo'),(706,46,'2025-11-06','09:00:00','13:00:00','Disponible','Activo'),(707,47,'2025-11-06','15:00:00','19:00:00','Disponible','Activo'),(708,48,'2025-11-06','08:00:00','12:00:00','Disponible','Activo'),(709,50,'2025-11-06','09:00:00','13:00:00','Disponible','Activo'),(710,21,'2025-11-07','14:00:00','18:00:00','Disponible','Activo'),(711,22,'2025-11-07','09:00:00','13:00:00','Disponible','Activo'),(712,23,'2025-11-07','15:00:00','19:00:00','Disponible','Activo'),(713,24,'2025-11-07','08:00:00','12:00:00','Disponible','Activo'),(714,25,'2025-11-07','14:00:00','18:00:00','Disponible','Activo'),(715,28,'2025-11-07','08:00:00','12:00:00','Disponible','Activo'),(716,29,'2025-11-07','14:00:00','18:00:00','Disponible','Activo'),(717,30,'2025-11-07','09:00:00','13:00:00','Disponible','Activo'),(718,31,'2025-11-07','15:00:00','19:00:00','Disponible','Activo'),(719,32,'2025-11-07','08:00:00','12:00:00','Disponible','Activo'),(720,33,'2025-11-07','14:00:00','18:00:00','Disponible','Activo'),(721,34,'2025-11-07','09:00:00','13:00:00','Disponible','Activo'),(722,35,'2025-11-07','15:00:00','19:00:00','Disponible','Activo'),(723,36,'2025-11-07','08:00:00','12:00:00','Disponible','Activo'),(724,37,'2025-11-07','14:00:00','18:00:00','Disponible','Activo'),(725,38,'2025-11-07','09:00:00','13:00:00','Disponible','Activo'),(726,39,'2025-11-07','15:00:00','19:00:00','Disponible','Activo'),(727,40,'2025-11-07','08:00:00','12:00:00','Disponible','Activo'),(728,41,'2025-11-07','14:00:00','18:00:00','Disponible','Activo'),(729,42,'2025-11-07','09:00:00','13:00:00','Disponible','Activo'),(730,43,'2025-11-07','15:00:00','19:00:00','Disponible','Activo'),(731,44,'2025-11-07','08:00:00','12:00:00','Disponible','Activo'),(732,45,'2025-11-07','14:00:00','18:00:00','Disponible','Activo'),(733,46,'2025-11-07','09:00:00','13:00:00','Disponible','Activo'),(734,47,'2025-11-07','15:00:00','19:00:00','Disponible','Activo'),(735,48,'2025-11-07','08:00:00','12:00:00','Disponible','Activo'),(736,49,'2025-11-07','14:00:00','18:00:00','Disponible','Activo'),(737,21,'2025-11-10','14:00:00','18:00:00','Disponible','Activo'),(738,22,'2025-11-10','09:00:00','13:00:00','Disponible','Activo'),(739,23,'2025-11-10','15:00:00','19:00:00','Disponible','Activo'),(740,24,'2025-11-10','08:00:00','12:00:00','Disponible','Activo'),(741,25,'2025-11-10','14:00:00','18:00:00','Disponible','Activo'),(742,27,'2025-11-10','15:00:00','19:00:00','Disponible','Activo'),(743,29,'2025-11-10','14:00:00','18:00:00','Disponible','Activo'),(744,30,'2025-11-10','09:00:00','13:00:00','Disponible','Activo'),(745,33,'2025-11-10','14:00:00','18:00:00','Disponible','Activo'),(746,34,'2025-11-10','09:00:00','13:00:00','Disponible','Activo'),(747,35,'2025-11-10','15:00:00','19:00:00','Disponible','Activo'),(748,36,'2025-11-10','08:00:00','12:00:00','Disponible','Activo'),(749,37,'2025-11-10','14:00:00','18:00:00','Disponible','Activo'),(750,38,'2025-11-10','09:00:00','13:00:00','Disponible','Activo'),(751,39,'2025-11-10','15:00:00','19:00:00','Disponible','Activo'),(752,40,'2025-11-10','08:00:00','12:00:00','Disponible','Activo'),(753,41,'2025-11-10','14:00:00','18:00:00','Disponible','Activo'),(754,42,'2025-11-10','09:00:00','13:00:00','Disponible','Activo'),(755,44,'2025-11-10','08:00:00','12:00:00','Disponible','Activo'),(756,45,'2025-11-10','14:00:00','18:00:00','Disponible','Activo'),(757,46,'2025-11-10','09:00:00','13:00:00','Disponible','Activo'),(758,47,'2025-11-10','15:00:00','19:00:00','Disponible','Activo'),(759,48,'2025-11-10','08:00:00','12:00:00','Disponible','Activo'),(760,49,'2025-11-10','14:00:00','18:00:00','Disponible','Activo'),(761,21,'2025-11-11','14:00:00','18:00:00','Disponible','Activo'),(762,22,'2025-11-11','09:00:00','13:00:00','Disponible','Activo'),(763,23,'2025-11-11','15:00:00','19:00:00','Disponible','Activo'),(764,24,'2025-11-11','08:00:00','12:00:00','Disponible','Activo'),(765,25,'2025-11-11','14:00:00','18:00:00','Disponible','Activo'),(766,26,'2025-11-11','09:00:00','13:00:00','Disponible','Activo'),(767,27,'2025-11-11','15:00:00','19:00:00','Disponible','Activo'),(768,28,'2025-11-11','08:00:00','12:00:00','Disponible','Activo'),(769,29,'2025-11-11','14:00:00','18:00:00','Disponible','Activo'),(770,31,'2025-11-11','15:00:00','19:00:00','Disponible','Activo'),(771,33,'2025-11-11','14:00:00','18:00:00','Disponible','Activo'),(772,34,'2025-11-11','09:00:00','13:00:00','Disponible','Activo'),(773,35,'2025-11-11','15:00:00','19:00:00','Disponible','Activo'),(774,37,'2025-11-11','14:00:00','18:00:00','Disponible','Activo'),(775,38,'2025-11-11','09:00:00','13:00:00','Disponible','Activo'),(776,39,'2025-11-11','15:00:00','19:00:00','Disponible','Activo'),(777,41,'2025-11-11','14:00:00','18:00:00','Disponible','Activo'),(778,42,'2025-11-11','09:00:00','13:00:00','Disponible','Activo'),(779,44,'2025-11-11','08:00:00','12:00:00','Disponible','Activo'),(780,46,'2025-11-11','09:00:00','13:00:00','Disponible','Activo'),(781,48,'2025-11-11','08:00:00','12:00:00','Disponible','Activo'),(782,49,'2025-11-11','14:00:00','18:00:00','Disponible','Activo'),(783,21,'2025-11-12','14:00:00','18:00:00','Disponible','Activo'),(784,22,'2025-11-12','09:00:00','13:00:00','Disponible','Activo'),(785,23,'2025-11-12','15:00:00','19:00:00','Disponible','Activo'),(786,24,'2025-11-12','08:00:00','12:00:00','Disponible','Activo'),(787,25,'2025-11-12','14:00:00','18:00:00','Disponible','Activo'),(788,27,'2025-11-12','15:00:00','19:00:00','Disponible','Activo'),(789,29,'2025-11-12','14:00:00','18:00:00','Disponible','Activo'),(790,30,'2025-11-12','09:00:00','13:00:00','Disponible','Activo'),(791,32,'2025-11-12','08:00:00','12:00:00','Disponible','Activo'),(792,33,'2025-11-12','14:00:00','18:00:00','Disponible','Activo'),(793,34,'2025-11-12','09:00:00','13:00:00','Disponible','Activo'),(794,36,'2025-11-12','08:00:00','12:00:00','Disponible','Activo'),(795,37,'2025-11-12','14:00:00','18:00:00','Disponible','Activo'),(796,38,'2025-11-12','09:00:00','13:00:00','Disponible','Activo'),(797,39,'2025-11-12','15:00:00','19:00:00','Disponible','Activo'),(798,40,'2025-11-12','08:00:00','12:00:00','Disponible','Activo'),(799,41,'2025-11-12','14:00:00','18:00:00','Disponible','Activo'),(800,42,'2025-11-12','09:00:00','13:00:00','Disponible','Activo'),(801,44,'2025-11-12','08:00:00','12:00:00','Disponible','Activo'),(802,45,'2025-11-12','14:00:00','18:00:00','Disponible','Activo'),(803,46,'2025-11-12','09:00:00','13:00:00','Disponible','Activo'),(804,47,'2025-11-12','15:00:00','19:00:00','Disponible','Activo'),(805,48,'2025-11-12','08:00:00','12:00:00','Disponible','Activo'),(806,49,'2025-11-12','14:00:00','18:00:00','Disponible','Activo'),(807,50,'2025-11-12','09:00:00','13:00:00','Disponible','Activo'),(808,21,'2025-11-13','14:00:00','18:00:00','Disponible','Activo'),(809,22,'2025-11-13','09:00:00','13:00:00','Disponible','Activo'),(810,23,'2025-11-13','15:00:00','19:00:00','Disponible','Activo'),(811,24,'2025-11-13','08:00:00','12:00:00','Disponible','Activo'),(812,27,'2025-11-13','15:00:00','19:00:00','Disponible','Activo'),(813,28,'2025-11-13','08:00:00','12:00:00','Disponible','Activo'),(814,29,'2025-11-13','14:00:00','18:00:00','Disponible','Activo'),(815,30,'2025-11-13','09:00:00','13:00:00','Disponible','Activo'),(816,31,'2025-11-13','15:00:00','19:00:00','Disponible','Activo'),(817,32,'2025-11-13','08:00:00','12:00:00','Disponible','Activo'),(818,34,'2025-11-13','09:00:00','13:00:00','Disponible','Activo'),(819,35,'2025-11-13','15:00:00','19:00:00','Disponible','Activo'),(820,37,'2025-11-13','14:00:00','18:00:00','Disponible','Activo'),(821,38,'2025-11-13','09:00:00','13:00:00','Disponible','Activo'),(822,39,'2025-11-13','15:00:00','19:00:00','Disponible','Activo'),(823,40,'2025-11-13','08:00:00','12:00:00','Disponible','Activo'),(824,42,'2025-11-13','09:00:00','13:00:00','Disponible','Activo'),(825,43,'2025-11-13','15:00:00','19:00:00','Disponible','Activo'),(826,44,'2025-11-13','08:00:00','12:00:00','Disponible','Activo'),(827,45,'2025-11-13','14:00:00','18:00:00','Disponible','Activo'),(828,47,'2025-11-13','15:00:00','19:00:00','Disponible','Activo'),(829,48,'2025-11-13','08:00:00','12:00:00','Disponible','Activo'),(830,49,'2025-11-13','14:00:00','18:00:00','Disponible','Activo'),(831,50,'2025-11-13','09:00:00','13:00:00','Disponible','Activo'),(832,21,'2025-11-14','14:00:00','18:00:00','Disponible','Activo'),(833,24,'2025-11-14','08:00:00','12:00:00','Disponible','Activo'),(834,25,'2025-11-14','14:00:00','18:00:00','Disponible','Activo'),(835,27,'2025-11-14','15:00:00','19:00:00','Disponible','Activo'),(836,29,'2025-11-14','14:00:00','18:00:00','Disponible','Activo'),(837,30,'2025-11-14','09:00:00','13:00:00','Disponible','Activo'),(838,31,'2025-11-14','15:00:00','19:00:00','Disponible','Activo'),(839,32,'2025-11-14','08:00:00','12:00:00','Disponible','Activo'),(840,33,'2025-11-14','14:00:00','18:00:00','Disponible','Activo'),(841,35,'2025-11-14','15:00:00','19:00:00','Disponible','Activo'),(842,36,'2025-11-14','08:00:00','12:00:00','Disponible','Activo'),(843,37,'2025-11-14','14:00:00','18:00:00','Disponible','Activo'),(844,39,'2025-11-14','15:00:00','19:00:00','Disponible','Activo'),(845,40,'2025-11-14','08:00:00','12:00:00','Disponible','Activo'),(846,41,'2025-11-14','14:00:00','18:00:00','Disponible','Activo'),(847,43,'2025-11-14','15:00:00','19:00:00','Disponible','Activo'),(848,44,'2025-11-14','08:00:00','12:00:00','Disponible','Activo'),(849,45,'2025-11-14','14:00:00','18:00:00','Disponible','Activo'),(850,46,'2025-11-14','09:00:00','13:00:00','Disponible','Activo'),(851,47,'2025-11-14','15:00:00','19:00:00','Disponible','Activo'),(852,48,'2025-11-14','08:00:00','12:00:00','Disponible','Activo'),(853,21,'2025-11-17','14:00:00','18:00:00','Disponible','Activo'),(854,22,'2025-11-17','09:00:00','13:00:00','Disponible','Activo'),(855,23,'2025-11-17','15:00:00','19:00:00','Disponible','Activo'),(856,24,'2025-11-17','08:00:00','12:00:00','Disponible','Activo'),(857,25,'2025-11-17','14:00:00','18:00:00','Disponible','Activo'),(858,26,'2025-11-17','09:00:00','13:00:00','Disponible','Activo'),(859,27,'2025-11-17','15:00:00','19:00:00','Disponible','Activo'),(860,28,'2025-11-17','08:00:00','12:00:00','Disponible','Activo'),(861,29,'2025-11-17','14:00:00','18:00:00','Disponible','Activo'),(862,30,'2025-11-17','09:00:00','13:00:00','Disponible','Activo'),(863,32,'2025-11-17','08:00:00','12:00:00','Disponible','Activo'),(864,33,'2025-11-17','14:00:00','18:00:00','Disponible','Activo'),(865,34,'2025-11-17','09:00:00','13:00:00','Disponible','Activo'),(866,35,'2025-11-17','15:00:00','19:00:00','Disponible','Activo'),(867,36,'2025-11-17','08:00:00','12:00:00','Disponible','Activo'),(868,37,'2025-11-17','14:00:00','18:00:00','Disponible','Activo'),(869,38,'2025-11-17','09:00:00','13:00:00','Disponible','Activo'),(870,39,'2025-11-17','15:00:00','19:00:00','Disponible','Activo'),(871,41,'2025-11-17','14:00:00','18:00:00','Disponible','Activo'),(872,44,'2025-11-17','08:00:00','12:00:00','Disponible','Activo'),(873,45,'2025-11-17','14:00:00','18:00:00','Disponible','Activo'),(874,48,'2025-11-17','08:00:00','12:00:00','Disponible','Activo'),(875,49,'2025-11-17','14:00:00','18:00:00','Disponible','Activo'),(876,50,'2025-11-17','09:00:00','13:00:00','Disponible','Activo');
/*!40000 ALTER TABLE `HORARIO` ENABLE KEYS */;
UNLOCK TABLES;

--
-- Table structure for table `INCIDENCIA`
--

DROP TABLE IF EXISTS `INCIDENCIA`;
/*!40101 SET @saved_cs_client     = @@character_set_client */;
/*!50503 SET character_set_client = utf8mb4 */;
CREATE TABLE `INCIDENCIA` (
  `id_incidencia` int NOT NULL AUTO_INCREMENT,
  `descripcion` text,
  `fecha_registro` date DEFAULT NULL,
  `id_paciente` int DEFAULT NULL,
  `categoria` varchar(50) DEFAULT NULL,
  `prioridad` varchar(20) DEFAULT NULL,
  PRIMARY KEY (`id_incidencia`),
  KEY `id_paciente` (`id_paciente`),
  CONSTRAINT `INCIDENCIA_ibfk_1` FOREIGN KEY (`id_paciente`) REFERENCES `PACIENTE` (`id_paciente`)
) ENGINE=InnoDB AUTO_INCREMENT=9 DEFAULT CHARSET=utf8mb4 COLLATE=utf8mb4_0900_ai_ci;
/*!40101 SET character_set_client = @saved_cs_client */;

--
-- Dumping data for table `INCIDENCIA`
--

LOCK TABLES `INCIDENCIA` WRITE;
/*!40000 ALTER TABLE `INCIDENCIA` DISABLE KEYS */;
INSERT INTO `INCIDENCIA` VALUES (1,'Aire acondicionado del consultorio 101 no funciona correctamente','2024-11-20',1,'Infraestructura','Media'),(2,'Sistema de citas presenta errores al guardar datos','2024-11-22',NULL,'Software','Alta'),(3,'Falta de camillas en sala de emergencias','2024-11-25',3,'Equipamiento Médico','Alta'),(4,'Computadora de recepción muy lenta','2024-11-26',NULL,'Hardware','Media'),(5,'Paciente reporta demora excesiva en atención','2024-11-27',4,'Otro','Baja'),(6,'Falta de medicamentos en farmacia','2024-11-28',NULL,'Insumos','Alta'),(7,'Hay oxido en los tubos de vidrio','2025-11-04',9,'Infraestructura','Baja'),(8,'Problema con la puerta del baño masculino.','2025-11-04',11,'Infraestructura','Baja');
/*!40000 ALTER TABLE `INCIDENCIA` ENABLE KEYS */;
UNLOCK TABLES;

--
-- Table structure for table `MEDICAMENTO`
--

DROP TABLE IF EXISTS `MEDICAMENTO`;
/*!40101 SET @saved_cs_client     = @@character_set_client */;
/*!50503 SET character_set_client = utf8mb4 */;
CREATE TABLE `MEDICAMENTO` (
  `id_medicamento` int NOT NULL AUTO_INCREMENT,
  `nombre` varchar(100) NOT NULL,
  `descripcion` text,
  `stock` int NOT NULL,
  `fecha_registro` date DEFAULT NULL,
  `fecha_vencimiento` date DEFAULT NULL,
  PRIMARY KEY (`id_medicamento`)
) ENGINE=InnoDB AUTO_INCREMENT=2 DEFAULT CHARSET=utf8mb4 COLLATE=utf8mb4_0900_ai_ci;
/*!40101 SET character_set_client = @saved_cs_client */;

--
-- Dumping data for table `MEDICAMENTO`
--

LOCK TABLES `MEDICAMENTO` WRITE;
/*!40000 ALTER TABLE `MEDICAMENTO` DISABLE KEYS */;
INSERT INTO `MEDICAMENTO` VALUES (1,'Paracetamol','Analgésico y antipirético eficaz para el control del dolor leve o moderado',20,'2025-11-05','2026-11-28');
/*!40000 ALTER TABLE `MEDICAMENTO` ENABLE KEYS */;
UNLOCK TABLES;

--
-- Table structure for table `NOTIFICACION`
--

DROP TABLE IF EXISTS `NOTIFICACION`;
/*!40101 SET @saved_cs_client     = @@character_set_client */;
/*!50503 SET character_set_client = utf8mb4 */;
CREATE TABLE `NOTIFICACION` (
  `id_notificacion` int NOT NULL AUTO_INCREMENT,
  `titulo` varchar(255) DEFAULT NULL,
  `mensaje` text,
  `tipo` varchar(30) DEFAULT NULL,
  `fecha_envio` date DEFAULT NULL,
  `hora_envio` time DEFAULT NULL,
  `id_reserva` int DEFAULT NULL,
  `id_paciente` int DEFAULT NULL,
  PRIMARY KEY (`id_notificacion`),
  KEY `id_paciente` (`id_paciente`),
  KEY `id_reserva` (`id_reserva`),
  CONSTRAINT `NOTIFICACION_ibfk_1` FOREIGN KEY (`id_paciente`) REFERENCES `PACIENTE` (`id_paciente`),
  CONSTRAINT `NOTIFICACION_ibfk_2` FOREIGN KEY (`id_reserva`) REFERENCES `RESERVA` (`id_reserva`)
) ENGINE=InnoDB AUTO_INCREMENT=6 DEFAULT CHARSET=utf8mb4 COLLATE=utf8mb4_0900_ai_ci;
/*!40101 SET character_set_client = @saved_cs_client */;

--
-- Dumping data for table `NOTIFICACION`
--

LOCK TABLES `NOTIFICACION` WRITE;
/*!40000 ALTER TABLE `NOTIFICACION` DISABLE KEYS */;
INSERT INTO `NOTIFICACION` VALUES (1,'Recordatorio de Cita','Tiene una cita mañana a las 09:00 AM con Dr. García','Recordatorio','2024-11-14','18:00:00',1,1),(2,'Cita Confirmada','Su cita ha sido confirmada para el 20/11/2024 a las 10:30 AM','Confirmación','2024-11-15','10:00:00',2,2),(3,'Recordatorio de Cita','Recordatorio: Consulta dermatológica el 01/12/2024','Recordatorio','2024-11-30','16:00:00',3,3),(4,'Cita Confirmada','Cita confirmada para el 05/12/2024 con Dr. Rodríguez','Confirmación','2024-11-28','14:30:00',4,4),(5,'Recordatorio de Cita','Recordatorio: Examen de vista programado para mañana','Recordatorio','2024-12-14','17:00:00',6,6);
/*!40000 ALTER TABLE `NOTIFICACION` ENABLE KEYS */;
UNLOCK TABLES;

--
-- Table structure for table `OPERACION`
--

DROP TABLE IF EXISTS `OPERACION`;
/*!40101 SET @saved_cs_client     = @@character_set_client */;
/*!50503 SET character_set_client = utf8mb4 */;
CREATE TABLE `OPERACION` (
  `id_operacion` int NOT NULL AUTO_INCREMENT,
  `fecha_operacion` date DEFAULT NULL,
  `hora_inicio` time DEFAULT NULL,
  `hora_fin` time DEFAULT NULL,
  `observaciones` text,
  `id_reserva` int DEFAULT NULL,
  `id_empleado` int DEFAULT NULL,
  `id_cita` int DEFAULT NULL,
  PRIMARY KEY (`id_operacion`),
  KEY `id_reserva` (`id_reserva`),
  KEY `id_empleado` (`id_empleado`),
  KEY `id_cita` (`id_cita`),
  CONSTRAINT `OPERACION_ibfk_1` FOREIGN KEY (`id_reserva`) REFERENCES `RESERVA` (`id_reserva`),
  CONSTRAINT `OPERACION_ibfk_2` FOREIGN KEY (`id_empleado`) REFERENCES `EMPLEADO` (`id_empleado`),
  CONSTRAINT `OPERACION_ibfk_3` FOREIGN KEY (`id_cita`) REFERENCES `CITA` (`id_cita`)
) ENGINE=InnoDB AUTO_INCREMENT=2 DEFAULT CHARSET=utf8mb4 COLLATE=utf8mb4_0900_ai_ci;
/*!40101 SET character_set_client = @saved_cs_client */;

--
-- Dumping data for table `OPERACION`
--

LOCK TABLES `OPERACION` WRITE;
/*!40000 ALTER TABLE `OPERACION` DISABLE KEYS */;
INSERT INTO `OPERACION` VALUES (1,'2024-12-02','14:00:00','15:00:00','Cirugía menor dermatológica - Extirpación de lesión cutánea',3,5,3);
/*!40000 ALTER TABLE `OPERACION` ENABLE KEYS */;
UNLOCK TABLES;

--
-- Table structure for table `OPERACION_RECURSO`
--

DROP TABLE IF EXISTS `OPERACION_RECURSO`;
/*!40101 SET @saved_cs_client     = @@character_set_client */;
/*!50503 SET character_set_client = utf8mb4 */;
CREATE TABLE `OPERACION_RECURSO` (
  `id_operacion_recurso` int NOT NULL AUTO_INCREMENT,
  `id_operacion` int DEFAULT NULL,
  `id_recurso` int DEFAULT NULL,
  PRIMARY KEY (`id_operacion_recurso`),
  KEY `id_operacion` (`id_operacion`),
  KEY `id_recurso` (`id_recurso`),
  CONSTRAINT `OPERACION_RECURSO_ibfk_1` FOREIGN KEY (`id_operacion`) REFERENCES `OPERACION` (`id_operacion`),
  CONSTRAINT `OPERACION_RECURSO_ibfk_2` FOREIGN KEY (`id_recurso`) REFERENCES `RECURSO` (`id_recurso`)
) ENGINE=InnoDB AUTO_INCREMENT=6 DEFAULT CHARSET=utf8mb4 COLLATE=utf8mb4_0900_ai_ci;
/*!40101 SET character_set_client = @saved_cs_client */;

--
-- Dumping data for table `OPERACION_RECURSO`
--

LOCK TABLES `OPERACION_RECURSO` WRITE;
/*!40000 ALTER TABLE `OPERACION_RECURSO` DISABLE KEYS */;
INSERT INTO `OPERACION_RECURSO` VALUES (1,1,7),(2,1,10),(3,1,2),(4,1,1),(5,1,4);
/*!40000 ALTER TABLE `OPERACION_RECURSO` ENABLE KEYS */;
UNLOCK TABLES;

--
-- Table structure for table `PACIENTE`
--

DROP TABLE IF EXISTS `PACIENTE`;
/*!40101 SET @saved_cs_client     = @@character_set_client */;
/*!50503 SET character_set_client = utf8mb4 */;
CREATE TABLE `PACIENTE` (
  `id_paciente` int NOT NULL AUTO_INCREMENT,
  `nombres` varchar(100) DEFAULT NULL,
  `apellidos` varchar(100) DEFAULT NULL,
  `documento_identidad` varchar(20) DEFAULT NULL,
  `sexo` varchar(20) DEFAULT NULL,
  `fecha_nacimiento` date DEFAULT NULL,
  `id_usuario` int DEFAULT NULL,
  `id_distrito` int DEFAULT NULL,
  PRIMARY KEY (`id_paciente`),
  UNIQUE KEY `documento_identidad` (`documento_identidad`),
  KEY `id_usuario` (`id_usuario`),
  KEY `id_distrito` (`id_distrito`),
  CONSTRAINT `PACIENTE_ibfk_1` FOREIGN KEY (`id_usuario`) REFERENCES `USUARIO` (`id_usuario`),
  CONSTRAINT `PACIENTE_ibfk_2` FOREIGN KEY (`id_distrito`) REFERENCES `DISTRITO` (`id_distrito`)
) ENGINE=InnoDB AUTO_INCREMENT=20 DEFAULT CHARSET=utf8mb4 COLLATE=utf8mb4_0900_ai_ci;
/*!40101 SET character_set_client = @saved_cs_client */;

--
-- Dumping data for table `PACIENTE`
--

LOCK TABLES `PACIENTE` WRITE;
/*!40000 ALTER TABLE `PACIENTE` DISABLE KEYS */;
INSERT INTO `PACIENTE` VALUES (1,'Juan Carlos','Pérez Gómez','55551001','Masculino','1985-03-15',15,140312),(2,'María Elena','García Ruiz','55551002','Femenino','1990-07-22',16,140312),(3,'Carlos Alberto','López Vega','55551003','Masculino','1978-11-08',17,140312),(4,'Ana Sofía','Martínez Torres','55551004','Femenino','1995-02-14',18,140312),(5,'Luis Miguel','Rodríguez Paredes','55551005','Masculino','1982-09-30',19,140312),(6,'Sofía Valentina','Sánchez Díaz','55551006','Femenino','1993-06-18',20,140312),(7,'Diego Alejandro','Torres Ríos','55551007','Masculino','1988-12-05',21,140312),(8,'Paula Andrea','Díaz Morales','55551008','Femenino','1991-04-27',22,140312),(9,'Jose','Fiestas','78685454','Masculino','2003-02-18',23,150101),(10,'Jasson','Puican Saldaña','72780865','Masculino','2005-07-27',24,140101),(11,'Mauricio','Antonio Chero Gonzales','73109345','Masculino','2004-10-11',26,140101),(12,'Jose','Maas','78032323','Masculino','2005-01-04',29,160304),(13,'Mau','Prat','32402394','Masculino','2001-03-01',30,150809),(14,'Manuel','Ramirez','92838283','Masculino','2010-02-02',35,160401);
/*!40000 ALTER TABLE `PACIENTE` ENABLE KEYS */;
UNLOCK TABLES;

--
-- Table structure for table `PROGRAMACION`
--

DROP TABLE IF EXISTS `PROGRAMACION`;
/*!40101 SET @saved_cs_client     = @@character_set_client */;
/*!50503 SET character_set_client = utf8mb4 */;
CREATE TABLE `PROGRAMACION` (
  `id_programacion` int NOT NULL AUTO_INCREMENT,
  `fecha` date DEFAULT NULL,
  `hora_inicio` time DEFAULT NULL,
  `hora_fin` time DEFAULT NULL,
  `estado` varchar(20) DEFAULT NULL,
  `id_servicio` int DEFAULT NULL,
  `id_horario` int DEFAULT NULL,
  PRIMARY KEY (`id_programacion`),
  KEY `id_servicio` (`id_servicio`),
  KEY `id_horario` (`id_horario`),
  CONSTRAINT `PROGRAMACION_ibfk_1` FOREIGN KEY (`id_servicio`) REFERENCES `SERVICIO` (`id_servicio`),
  CONSTRAINT `PROGRAMACION_ibfk_2` FOREIGN KEY (`id_horario`) REFERENCES `HORARIO` (`id_horario`)
) ENGINE=InnoDB AUTO_INCREMENT=782 DEFAULT CHARSET=utf8mb4 COLLATE=utf8mb4_0900_ai_ci;
/*!40101 SET character_set_client = @saved_cs_client */;

--
-- Dumping data for table `PROGRAMACION`
--

LOCK TABLES `PROGRAMACION` WRITE;
/*!40000 ALTER TABLE `PROGRAMACION` DISABLE KEYS */;
INSERT INTO `PROGRAMACION` VALUES (1,'2024-12-02','08:00:00','08:30:00','Activo',NULL,1),(2,'2024-12-02','08:30:00','09:00:00','Activo',NULL,1),(3,'2024-12-02','09:00:00','09:30:00','Activo',NULL,2),(4,'2024-12-02','09:30:00','10:00:00','Activo',NULL,2),(5,'2024-12-03','08:00:00','08:30:00','Activo',NULL,3),(6,'2024-12-03','14:00:00','14:30:00','Activo',NULL,4),(7,'2024-12-04','07:00:00','07:30:00','Activo',NULL,7),(8,'2024-12-04','15:00:00','15:30:00','Activo',NULL,12),(9,'2024-12-05','09:00:00','09:30:00','Activo',NULL,6),(10,'2025-11-04','08:00:00','08:30:00','Activo',1,22),(11,'2025-11-04','08:30:00','09:00:00','Activo',11,22),(12,'2025-11-04','09:00:00','09:30:00','Activo',12,22),(13,'2025-11-04','09:30:00','10:00:00','Activo',13,22),(14,'2025-11-04','10:00:00','10:30:00','Activo',14,22),(15,'2025-11-04','10:30:00','11:00:00','Activo',15,22),(16,'2025-11-04','11:00:00','11:30:00','Activo',16,22),(17,'2025-11-04','11:30:00','12:00:00','Activo',17,22),(18,'2025-11-04','08:00:00','08:30:00','Activo',18,26),(19,'2025-11-04','08:30:00','09:00:00','Activo',19,26),(20,'2025-11-04','09:00:00','09:30:00','Activo',2,26),(21,'2025-11-04','09:30:00','10:00:00','Activo',22,26),(22,'2025-11-04','10:00:00','10:30:00','Activo',23,26),(23,'2025-11-04','10:30:00','11:00:00','Activo',24,26),(24,'2025-11-04','11:00:00','11:30:00','Activo',25,26),(25,'2025-11-04','11:30:00','12:00:00','Activo',26,26),(26,'2025-11-04','08:00:00','08:30:00','Activo',27,30),(27,'2025-11-04','08:30:00','09:00:00','Activo',4,30),(28,'2025-11-04','09:00:00','09:30:00','Activo',5,30),(29,'2025-11-04','09:30:00','10:00:00','Activo',10,30),(30,'2025-11-04','10:00:00','10:30:00','Activo',6,30),(31,'2025-11-04','10:30:00','11:00:00','Activo',7,30),(32,'2025-11-04','11:00:00','11:30:00','Activo',8,30),(33,'2025-11-04','11:30:00','12:00:00','Activo',29,30),(34,'2025-11-04','08:00:00','08:30:00','Activo',3,34),(35,'2025-11-04','08:30:00','09:00:00','Activo',20,34),(36,'2025-11-04','09:00:00','09:30:00','Activo',21,34),(37,'2025-11-04','09:30:00','10:00:00','Activo',1,34),(38,'2025-11-04','10:00:00','10:30:00','Activo',11,34),(39,'2025-11-04','10:30:00','11:00:00','Activo',12,34),(40,'2025-11-04','11:00:00','11:30:00','Activo',13,34),(41,'2025-11-04','11:30:00','12:00:00','Activo',14,34),(42,'2025-11-04','08:00:00','08:30:00','Activo',15,36),(43,'2025-11-04','08:30:00','09:00:00','Activo',16,36),(44,'2025-11-04','09:00:00','09:30:00','Activo',17,36),(45,'2025-11-04','09:30:00','10:00:00','Activo',18,36),(46,'2025-11-04','10:00:00','10:30:00','Activo',19,36),(47,'2025-11-04','10:30:00','11:00:00','Activo',2,36),(48,'2025-11-04','11:00:00','11:30:00','Activo',22,36),(49,'2025-11-04','11:30:00','12:00:00','Activo',23,36),(50,'2025-11-04','09:00:00','09:30:00','Activo',24,20),(51,'2025-11-04','09:30:00','10:00:00','Activo',25,20),(52,'2025-11-04','10:00:00','10:30:00','Activo',26,20),(53,'2025-11-04','10:30:00','11:00:00','Activo',27,20),(54,'2025-11-04','11:00:00','11:30:00','Activo',4,20),(55,'2025-11-04','11:30:00','12:00:00','Activo',5,20),(56,'2025-11-04','12:00:00','12:30:00','Activo',10,20),(57,'2025-11-04','12:30:00','13:00:00','Activo',6,20),(58,'2025-11-04','09:00:00','09:30:00','Activo',7,24),(59,'2025-11-04','09:30:00','10:00:00','Activo',8,24),(60,'2025-11-04','10:00:00','10:30:00','Activo',29,24),(61,'2025-11-04','10:30:00','11:00:00','Activo',3,24),(62,'2025-11-04','11:00:00','11:30:00','Activo',20,24),(63,'2025-11-04','11:30:00','12:00:00','Activo',21,24),(64,'2025-11-04','12:00:00','12:30:00','Activo',1,24),(65,'2025-11-04','12:30:00','13:00:00','Activo',11,24),(66,'2025-11-04','09:00:00','09:30:00','Activo',12,28),(67,'2025-11-04','09:30:00','10:00:00','Activo',13,28),(68,'2025-11-04','10:00:00','10:30:00','Activo',14,28),(69,'2025-11-04','10:30:00','11:00:00','Activo',15,28),(70,'2025-11-04','11:00:00','11:30:00','Activo',16,28),(71,'2025-11-04','11:30:00','12:00:00','Activo',17,28),(72,'2025-11-04','12:00:00','12:30:00','Activo',18,28),(73,'2025-11-04','12:30:00','13:00:00','Activo',19,28),(74,'2025-11-04','09:00:00','09:30:00','Activo',2,32),(75,'2025-11-04','09:30:00','10:00:00','Activo',22,32),(76,'2025-11-04','10:00:00','10:30:00','Activo',23,32),(77,'2025-11-04','10:30:00','11:00:00','Activo',24,32),(78,'2025-11-04','11:00:00','11:30:00','Activo',25,32),(79,'2025-11-04','11:30:00','12:00:00','Activo',26,32),(80,'2025-11-04','12:00:00','12:30:00','Activo',27,32),(81,'2025-11-04','12:30:00','13:00:00','Activo',4,32),(82,'2025-11-04','14:00:00','14:30:00','Activo',5,19),(83,'2025-11-04','14:30:00','15:00:00','Activo',10,19),(84,'2025-11-04','15:00:00','15:30:00','Activo',6,19),(85,'2025-11-04','15:30:00','16:00:00','Activo',7,19),(86,'2025-11-04','16:00:00','16:30:00','Activo',8,19),(87,'2025-11-04','16:30:00','17:00:00','Activo',29,19),(88,'2025-11-04','17:00:00','17:30:00','Activo',3,19),(89,'2025-11-04','17:30:00','18:00:00','Activo',20,19),(90,'2025-11-04','14:00:00','14:30:00','Activo',21,23),(91,'2025-11-04','14:30:00','15:00:00','Activo',1,23),(92,'2025-11-04','15:00:00','15:30:00','Activo',11,23),(93,'2025-11-04','15:30:00','16:00:00','Activo',12,23),(94,'2025-11-04','16:00:00','16:30:00','Activo',13,23),(95,'2025-11-04','16:30:00','17:00:00','Activo',14,23),(96,'2025-11-04','17:00:00','17:30:00','Activo',15,23),(97,'2025-11-04','17:30:00','18:00:00','Activo',16,23),(98,'2025-11-04','14:00:00','14:30:00','Activo',17,27),(99,'2025-11-04','14:30:00','15:00:00','Activo',18,27),(100,'2025-11-04','15:00:00','15:30:00','Activo',19,27),(101,'2025-11-04','15:30:00','16:00:00','Activo',2,27),(102,'2025-11-04','16:00:00','16:30:00','Activo',22,27),(103,'2025-11-04','16:30:00','17:00:00','Activo',23,27),(104,'2025-11-04','17:00:00','17:30:00','Activo',24,27),(105,'2025-11-04','17:30:00','18:00:00','Activo',25,27),(106,'2025-11-04','14:00:00','14:30:00','Activo',26,31),(107,'2025-11-04','14:30:00','15:00:00','Activo',27,31),(108,'2025-11-04','15:00:00','15:30:00','Activo',4,31),(109,'2025-11-04','15:30:00','16:00:00','Activo',5,31),(110,'2025-11-04','16:00:00','16:30:00','Activo',10,31),(111,'2025-11-04','16:30:00','17:00:00','Activo',6,31),(112,'2025-11-04','17:00:00','17:30:00','Activo',7,31),(113,'2025-11-04','17:30:00','18:00:00','Activo',8,31),(114,'2025-11-04','15:00:00','15:30:00','Activo',29,21),(115,'2025-11-04','15:30:00','16:00:00','Activo',3,21),(116,'2025-11-04','16:00:00','16:30:00','Activo',20,21),(117,'2025-11-04','16:30:00','17:00:00','Activo',21,21),(118,'2025-11-04','17:00:00','17:30:00','Activo',1,21),(119,'2025-11-04','17:30:00','18:00:00','Activo',11,21),(120,'2025-11-04','18:00:00','18:30:00','Activo',12,21),(121,'2025-11-04','18:30:00','19:00:00','Activo',13,21),(122,'2025-11-04','15:00:00','15:30:00','Activo',14,25),(123,'2025-11-04','15:30:00','16:00:00','Activo',15,25),(124,'2025-11-04','16:00:00','16:30:00','Activo',16,25),(125,'2025-11-04','16:30:00','17:00:00','Activo',17,25),(126,'2025-11-04','17:00:00','17:30:00','Activo',18,25),(127,'2025-11-04','17:30:00','18:00:00','Activo',19,25),(128,'2025-11-04','18:00:00','18:30:00','Activo',2,25),(129,'2025-11-04','18:30:00','19:00:00','Activo',22,25),(130,'2025-11-04','15:00:00','15:30:00','Activo',23,29),(131,'2025-11-04','15:30:00','16:00:00','Activo',24,29),(132,'2025-11-04','16:00:00','16:30:00','Activo',25,29),(133,'2025-11-04','16:30:00','17:00:00','Activo',26,29),(134,'2025-11-04','17:00:00','17:30:00','Activo',27,29),(135,'2025-11-04','17:30:00','18:00:00','Activo',4,29),(136,'2025-11-04','18:00:00','18:30:00','Activo',5,29),(137,'2025-11-04','18:30:00','19:00:00','Activo',10,29),(138,'2025-11-04','15:00:00','15:30:00','Activo',6,33),(139,'2025-11-04','15:30:00','16:00:00','Activo',7,33),(140,'2025-11-04','16:00:00','16:30:00','Activo',8,33),(141,'2025-11-04','16:30:00','17:00:00','Activo',29,33),(142,'2025-11-04','17:00:00','17:30:00','Activo',3,33),(143,'2025-11-04','17:30:00','18:00:00','Activo',20,33),(144,'2025-11-04','18:00:00','18:30:00','Activo',21,33),(145,'2025-11-04','18:30:00','19:00:00','Activo',1,33),(146,'2025-11-04','15:00:00','15:30:00','Activo',11,35),(147,'2025-11-04','15:30:00','16:00:00','Activo',12,35),(148,'2025-11-04','16:00:00','16:30:00','Activo',13,35),(149,'2025-11-04','16:30:00','17:00:00','Activo',14,35),(150,'2025-11-04','17:00:00','17:30:00','Activo',15,35),(151,'2025-11-04','17:30:00','18:00:00','Activo',16,35),(152,'2025-11-04','18:00:00','18:30:00','Activo',17,35),(153,'2025-11-04','18:30:00','19:00:00','Activo',18,35),(154,'2025-11-05','08:00:00','08:30:00','Activo',19,40),(155,'2025-11-05','08:30:00','09:00:00','Activo',2,40),(156,'2025-11-05','09:00:00','09:30:00','Activo',22,40),(157,'2025-11-05','09:30:00','10:00:00','Activo',23,40),(158,'2025-11-05','10:00:00','10:30:00','Activo',24,40),(159,'2025-11-05','10:30:00','11:00:00','Activo',25,40),(160,'2025-11-05','11:00:00','11:30:00','Activo',26,40),(161,'2025-11-05','11:30:00','12:00:00','Activo',27,40),(162,'2025-11-05','08:00:00','08:30:00','Activo',4,44),(163,'2025-11-05','08:30:00','09:00:00','Activo',5,44),(164,'2025-11-05','09:00:00','09:30:00','Activo',10,44),(165,'2025-11-05','09:30:00','10:00:00','Activo',6,44),(166,'2025-11-05','10:00:00','10:30:00','Activo',7,44),(167,'2025-11-05','10:30:00','11:00:00','Activo',8,44),(168,'2025-11-05','11:00:00','11:30:00','Activo',29,44),(169,'2025-11-05','11:30:00','12:00:00','Activo',3,44),(170,'2025-11-05','08:00:00','08:30:00','Activo',20,48),(171,'2025-11-05','08:30:00','09:00:00','Activo',21,48),(172,'2025-11-05','09:00:00','09:30:00','Activo',1,48),(173,'2025-11-05','09:30:00','10:00:00','Activo',11,48),(174,'2025-11-05','10:00:00','10:30:00','Activo',12,48),(175,'2025-11-05','10:30:00','11:00:00','Activo',13,48),(176,'2025-11-05','11:00:00','11:30:00','Activo',14,48),(177,'2025-11-05','11:30:00','12:00:00','Activo',15,48),(178,'2025-11-05','08:00:00','08:30:00','Activo',16,52),(179,'2025-11-05','08:30:00','09:00:00','Activo',17,52),(180,'2025-11-05','09:00:00','09:30:00','Activo',18,52),(181,'2025-11-05','09:30:00','10:00:00','Activo',19,52),(182,'2025-11-05','10:00:00','10:30:00','Activo',2,52),(183,'2025-11-05','10:30:00','11:00:00','Activo',22,52),(184,'2025-11-05','11:00:00','11:30:00','Activo',23,52),(185,'2025-11-05','11:30:00','12:00:00','Activo',24,52),(186,'2025-11-05','08:00:00','08:30:00','Activo',25,54),(187,'2025-11-05','08:30:00','09:00:00','Activo',26,54),(188,'2025-11-05','09:00:00','09:30:00','Activo',27,54),(189,'2025-11-05','09:30:00','10:00:00','Activo',4,54),(190,'2025-11-05','10:00:00','10:30:00','Activo',5,54),(191,'2025-11-05','10:30:00','11:00:00','Activo',10,54),(192,'2025-11-05','11:00:00','11:30:00','Activo',6,54),(193,'2025-11-05','11:30:00','12:00:00','Activo',7,54),(194,'2025-11-05','09:00:00','09:30:00','Activo',8,38),(195,'2025-11-05','09:30:00','10:00:00','Activo',29,38),(196,'2025-11-05','10:00:00','10:30:00','Activo',3,38),(197,'2025-11-05','10:30:00','11:00:00','Activo',20,38),(198,'2025-11-05','11:00:00','11:30:00','Activo',21,38),(199,'2025-11-05','11:30:00','12:00:00','Activo',1,38),(200,'2025-11-05','12:00:00','12:30:00','Activo',11,38),(201,'2025-11-05','12:30:00','13:00:00','Activo',12,38),(202,'2025-11-05','09:00:00','09:30:00','Activo',13,42),(203,'2025-11-05','09:30:00','10:00:00','Activo',14,42),(204,'2025-11-05','10:00:00','10:30:00','Activo',15,42),(205,'2025-11-05','10:30:00','11:00:00','Activo',16,42),(206,'2025-11-05','11:00:00','11:30:00','Activo',17,42),(207,'2025-11-05','11:30:00','12:00:00','Activo',18,42),(208,'2025-11-05','12:00:00','12:30:00','Activo',19,42),(209,'2025-11-05','12:30:00','13:00:00','Activo',2,42),(210,'2025-11-05','09:00:00','09:30:00','Activo',22,46),(211,'2025-11-05','09:30:00','10:00:00','Activo',23,46),(212,'2025-11-05','10:00:00','10:30:00','Activo',24,46),(213,'2025-11-05','10:30:00','11:00:00','Activo',25,46),(214,'2025-11-05','11:00:00','11:30:00','Activo',26,46),(215,'2025-11-05','11:30:00','12:00:00','Activo',27,46),(216,'2025-11-05','12:00:00','12:30:00','Activo',4,46),(217,'2025-11-05','12:30:00','13:00:00','Activo',5,46),(218,'2025-11-05','09:00:00','09:30:00','Activo',10,50),(219,'2025-11-05','09:30:00','10:00:00','Activo',6,50),(220,'2025-11-05','10:00:00','10:30:00','Activo',7,50),(221,'2025-11-05','10:30:00','11:00:00','Activo',8,50),(222,'2025-11-05','11:00:00','11:30:00','Activo',29,50),(223,'2025-11-05','11:30:00','12:00:00','Activo',3,50),(224,'2025-11-05','12:00:00','12:30:00','Activo',20,50),(225,'2025-11-05','12:30:00','13:00:00','Activo',21,50),(226,'2025-11-05','14:00:00','14:30:00','Activo',1,37),(227,'2025-11-05','14:30:00','15:00:00','Activo',11,37),(228,'2025-11-05','15:00:00','15:30:00','Activo',12,37),(229,'2025-11-05','15:30:00','16:00:00','Activo',13,37),(230,'2025-11-05','16:00:00','16:30:00','Activo',14,37),(231,'2025-11-05','16:30:00','17:00:00','Activo',15,37),(232,'2025-11-05','17:00:00','17:30:00','Activo',16,37),(233,'2025-11-05','17:30:00','18:00:00','Activo',17,37),(234,'2025-11-05','14:00:00','14:30:00','Activo',18,41),(235,'2025-11-05','14:30:00','15:00:00','Activo',19,41),(236,'2025-11-05','15:00:00','15:30:00','Activo',2,41),(237,'2025-11-05','15:30:00','16:00:00','Activo',22,41),(238,'2025-11-05','16:00:00','16:30:00','Activo',23,41),(239,'2025-11-05','16:30:00','17:00:00','Activo',24,41),(240,'2025-11-05','17:00:00','17:30:00','Activo',25,41),(241,'2025-11-05','17:30:00','18:00:00','Activo',26,41),(242,'2025-11-05','14:00:00','14:30:00','Activo',27,45),(243,'2025-11-05','14:30:00','15:00:00','Activo',4,45),(244,'2025-11-05','15:00:00','15:30:00','Activo',5,45),(245,'2025-11-05','15:30:00','16:00:00','Activo',10,45),(246,'2025-11-05','16:00:00','16:30:00','Activo',6,45),(247,'2025-11-05','16:30:00','17:00:00','Activo',7,45),(248,'2025-11-05','17:00:00','17:30:00','Activo',8,45),(249,'2025-11-05','17:30:00','18:00:00','Activo',29,45),(250,'2025-11-05','14:00:00','14:30:00','Activo',3,49),(251,'2025-11-05','14:30:00','15:00:00','Activo',20,49),(252,'2025-11-05','15:00:00','15:30:00','Activo',21,49),(253,'2025-11-05','15:30:00','16:00:00','Activo',1,49),(254,'2025-11-05','16:00:00','16:30:00','Activo',11,49),(255,'2025-11-05','16:30:00','17:00:00','Activo',12,49),(256,'2025-11-05','17:00:00','17:30:00','Activo',13,49),(257,'2025-11-05','17:30:00','18:00:00','Activo',14,49),(258,'2025-11-05','15:00:00','15:30:00','Activo',15,39),(259,'2025-11-05','15:30:00','16:00:00','Activo',16,39),(260,'2025-11-05','16:00:00','16:30:00','Activo',17,39),(261,'2025-11-05','16:30:00','17:00:00','Activo',18,39),(262,'2025-11-05','17:00:00','17:30:00','Activo',19,39),(263,'2025-11-05','17:30:00','18:00:00','Activo',2,39),(264,'2025-11-05','18:00:00','18:30:00','Activo',22,39),(265,'2025-11-05','18:30:00','19:00:00','Activo',23,39),(266,'2025-11-05','15:00:00','15:30:00','Activo',24,43),(267,'2025-11-05','15:30:00','16:00:00','Activo',25,43),(268,'2025-11-05','16:00:00','16:30:00','Activo',26,43),(269,'2025-11-05','16:30:00','17:00:00','Activo',27,43),(270,'2025-11-05','17:00:00','17:30:00','Activo',4,43),(271,'2025-11-05','17:30:00','18:00:00','Activo',5,43),(272,'2025-11-05','18:00:00','18:30:00','Activo',10,43),(273,'2025-11-05','18:30:00','19:00:00','Activo',6,43),(274,'2025-11-05','15:00:00','15:30:00','Activo',7,47),(275,'2025-11-05','15:30:00','16:00:00','Activo',8,47),(276,'2025-11-05','16:00:00','16:30:00','Activo',29,47),(277,'2025-11-05','16:30:00','17:00:00','Activo',3,47),(278,'2025-11-05','17:00:00','17:30:00','Activo',20,47),(279,'2025-11-05','17:30:00','18:00:00','Activo',21,47),(280,'2025-11-05','18:00:00','18:30:00','Activo',1,47),(281,'2025-11-05','18:30:00','19:00:00','Activo',11,47),(282,'2025-11-05','15:00:00','15:30:00','Activo',12,51),(283,'2025-11-05','15:30:00','16:00:00','Activo',13,51),(284,'2025-11-05','16:00:00','16:30:00','Activo',14,51),(285,'2025-11-05','16:30:00','17:00:00','Activo',15,51),(286,'2025-11-05','17:00:00','17:30:00','Activo',16,51),(287,'2025-11-05','17:30:00','18:00:00','Activo',17,51),(288,'2025-11-05','18:00:00','18:30:00','Activo',18,51),(289,'2025-11-05','18:30:00','19:00:00','Activo',19,51),(290,'2025-11-05','15:00:00','15:30:00','Activo',2,53),(291,'2025-11-05','15:30:00','16:00:00','Activo',22,53),(292,'2025-11-05','16:00:00','16:30:00','Activo',23,53),(293,'2025-11-05','16:30:00','17:00:00','Activo',24,53),(294,'2025-11-05','17:00:00','17:30:00','Activo',25,53),(295,'2025-11-05','17:30:00','18:00:00','Activo',26,53),(296,'2025-11-05','18:00:00','18:30:00','Activo',27,53),(297,'2025-11-05','18:30:00','19:00:00','Activo',4,53),(298,'2025-11-06','08:00:00','08:30:00','Activo',5,58),(299,'2025-11-06','08:30:00','09:00:00','Activo',10,58),(300,'2025-11-06','09:00:00','09:30:00','Activo',6,58),(301,'2025-11-06','09:30:00','10:00:00','Activo',7,58),(302,'2025-11-06','10:00:00','10:30:00','Activo',8,58),(303,'2025-11-06','10:30:00','11:00:00','Activo',29,58),(304,'2025-11-06','11:00:00','11:30:00','Activo',3,58),(305,'2025-11-06','11:30:00','12:00:00','Activo',20,58),(306,'2025-11-06','08:00:00','08:30:00','Activo',21,62),(307,'2025-11-06','08:30:00','09:00:00','Activo',1,62),(308,'2025-11-06','09:00:00','09:30:00','Activo',11,62),(309,'2025-11-06','09:30:00','10:00:00','Activo',12,62),(310,'2025-11-06','10:00:00','10:30:00','Activo',13,62),(311,'2025-11-06','10:30:00','11:00:00','Activo',14,62),(312,'2025-11-06','11:00:00','11:30:00','Activo',15,62),(313,'2025-11-06','11:30:00','12:00:00','Activo',16,62),(314,'2025-11-06','08:00:00','08:30:00','Activo',17,66),(315,'2025-11-06','08:30:00','09:00:00','Activo',18,66),(316,'2025-11-06','09:00:00','09:30:00','Activo',19,66),(317,'2025-11-06','09:30:00','10:00:00','Activo',2,66),(318,'2025-11-06','10:00:00','10:30:00','Activo',22,66),(319,'2025-11-06','10:30:00','11:00:00','Activo',23,66),(320,'2025-11-06','11:00:00','11:30:00','Activo',24,66),(321,'2025-11-06','11:30:00','12:00:00','Activo',25,66),(322,'2025-11-06','08:00:00','08:30:00','Activo',26,70),(323,'2025-11-06','08:30:00','09:00:00','Activo',27,70),(324,'2025-11-06','09:00:00','09:30:00','Activo',4,70),(325,'2025-11-06','09:30:00','10:00:00','Activo',5,70),(326,'2025-11-06','10:00:00','10:30:00','Activo',10,70),(327,'2025-11-06','10:30:00','11:00:00','Activo',6,70),(328,'2025-11-06','11:00:00','11:30:00','Activo',7,70),(329,'2025-11-06','11:30:00','12:00:00','Activo',8,70),(330,'2025-11-06','08:00:00','08:30:00','Activo',29,72),(331,'2025-11-06','08:30:00','09:00:00','Activo',3,72),(332,'2025-11-06','09:00:00','09:30:00','Activo',20,72),(333,'2025-11-06','09:30:00','10:00:00','Activo',21,72),(334,'2025-11-06','10:00:00','10:30:00','Activo',1,72),(335,'2025-11-06','10:30:00','11:00:00','Activo',11,72),(336,'2025-11-06','11:00:00','11:30:00','Activo',12,72),(337,'2025-11-06','11:30:00','12:00:00','Activo',13,72),(338,'2025-11-06','09:00:00','09:30:00','Activo',14,56),(339,'2025-11-06','09:30:00','10:00:00','Activo',15,56),(340,'2025-11-06','10:00:00','10:30:00','Activo',16,56),(341,'2025-11-06','10:30:00','11:00:00','Activo',17,56),(342,'2025-11-06','11:00:00','11:30:00','Activo',18,56),(343,'2025-11-06','11:30:00','12:00:00','Activo',19,56),(344,'2025-11-06','12:00:00','12:30:00','Activo',2,56),(345,'2025-11-06','12:30:00','13:00:00','Activo',22,56),(346,'2025-11-06','09:00:00','09:30:00','Activo',23,60),(347,'2025-11-06','09:30:00','10:00:00','Activo',24,60),(348,'2025-11-06','10:00:00','10:30:00','Activo',25,60),(349,'2025-11-06','10:30:00','11:00:00','Activo',26,60),(350,'2025-11-06','11:00:00','11:30:00','Activo',27,60),(351,'2025-11-06','11:30:00','12:00:00','Activo',4,60),(352,'2025-11-06','12:00:00','12:30:00','Activo',5,60),(353,'2025-11-06','12:30:00','13:00:00','Activo',10,60),(354,'2025-11-06','09:00:00','09:30:00','Activo',6,64),(355,'2025-11-06','09:30:00','10:00:00','Activo',7,64),(356,'2025-11-06','10:00:00','10:30:00','Activo',8,64),(357,'2025-11-06','10:30:00','11:00:00','Activo',29,64),(358,'2025-11-06','11:00:00','11:30:00','Activo',3,64),(359,'2025-11-06','11:30:00','12:00:00','Activo',20,64),(360,'2025-11-06','12:00:00','12:30:00','Activo',21,64),(361,'2025-11-06','12:30:00','13:00:00','Activo',1,64),(362,'2025-11-06','09:00:00','09:30:00','Activo',11,68),(363,'2025-11-06','09:30:00','10:00:00','Activo',12,68),(364,'2025-11-06','10:00:00','10:30:00','Activo',13,68),(365,'2025-11-06','10:30:00','11:00:00','Activo',14,68),(366,'2025-11-06','11:00:00','11:30:00','Activo',15,68),(367,'2025-11-06','11:30:00','12:00:00','Activo',16,68),(368,'2025-11-06','12:00:00','12:30:00','Activo',17,68),(369,'2025-11-06','12:30:00','13:00:00','Activo',18,68),(370,'2025-11-06','14:00:00','14:30:00','Activo',19,55),(371,'2025-11-06','14:30:00','15:00:00','Activo',2,55),(372,'2025-11-06','15:00:00','15:30:00','Activo',22,55),(373,'2025-11-06','15:30:00','16:00:00','Activo',23,55),(374,'2025-11-06','16:00:00','16:30:00','Activo',24,55),(375,'2025-11-06','16:30:00','17:00:00','Activo',25,55),(376,'2025-11-06','17:00:00','17:30:00','Activo',26,55),(377,'2025-11-06','17:30:00','18:00:00','Activo',27,55),(378,'2025-11-06','14:00:00','14:30:00','Activo',4,59),(379,'2025-11-06','14:30:00','15:00:00','Activo',5,59),(380,'2025-11-06','15:00:00','15:30:00','Activo',10,59),(381,'2025-11-06','15:30:00','16:00:00','Activo',6,59),(382,'2025-11-06','16:00:00','16:30:00','Activo',7,59),(383,'2025-11-06','16:30:00','17:00:00','Activo',8,59),(384,'2025-11-06','17:00:00','17:30:00','Activo',29,59),(385,'2025-11-06','17:30:00','18:00:00','Activo',3,59),(386,'2025-11-06','14:00:00','14:30:00','Activo',20,63),(387,'2025-11-06','14:30:00','15:00:00','Activo',21,63),(388,'2025-11-06','15:00:00','15:30:00','Activo',1,63),(389,'2025-11-06','15:30:00','16:00:00','Activo',11,63),(390,'2025-11-06','16:00:00','16:30:00','Activo',12,63),(391,'2025-11-06','16:30:00','17:00:00','Activo',13,63),(392,'2025-11-06','17:00:00','17:30:00','Activo',14,63),(393,'2025-11-06','17:30:00','18:00:00','Activo',15,63),(394,'2025-11-06','14:00:00','14:30:00','Activo',16,67),(395,'2025-11-06','14:30:00','15:00:00','Activo',17,67),(396,'2025-11-06','15:00:00','15:30:00','Activo',18,67),(397,'2025-11-06','15:30:00','16:00:00','Activo',19,67),(398,'2025-11-06','16:00:00','16:30:00','Activo',2,67),(399,'2025-11-06','16:30:00','17:00:00','Activo',22,67),(400,'2025-11-06','17:00:00','17:30:00','Activo',23,67),(401,'2025-11-06','17:30:00','18:00:00','Activo',24,67),(402,'2025-11-06','15:00:00','15:30:00','Activo',25,57),(403,'2025-11-06','15:30:00','16:00:00','Activo',26,57),(404,'2025-11-06','16:00:00','16:30:00','Activo',27,57),(405,'2025-11-06','16:30:00','17:00:00','Activo',4,57),(406,'2025-11-06','17:00:00','17:30:00','Activo',5,57),(407,'2025-11-06','17:30:00','18:00:00','Activo',10,57),(408,'2025-11-06','18:00:00','18:30:00','Activo',6,57),(409,'2025-11-06','18:30:00','19:00:00','Activo',7,57),(410,'2025-11-04','07:00:00','07:30:00','Activo',1,328),(411,'2025-11-04','07:30:00','08:00:00','Activo',11,328),(412,'2025-11-04','08:00:00','08:30:00','Activo',12,328),(413,'2025-11-04','08:30:00','09:00:00','Activo',13,328),(414,'2025-11-04','09:00:00','09:30:00','Activo',14,328),(415,'2025-11-04','09:30:00','10:00:00','Activo',15,328),(416,'2025-11-04','10:00:00','10:30:00','Activo',16,328),(417,'2025-11-04','10:30:00','11:00:00','Activo',17,328),(418,'2025-11-04','11:00:00','11:30:00','Activo',18,328),(419,'2025-11-04','11:30:00','12:00:00','Activo',19,328),(420,'2025-11-04','12:00:00','12:30:00','Activo',2,328),(421,'2025-11-04','12:30:00','13:00:00','Activo',22,328),(422,'2025-11-04','13:00:00','13:30:00','Activo',23,328),(423,'2025-11-04','13:30:00','14:00:00','Activo',24,328),(424,'2025-11-04','14:00:00','14:30:00','Activo',25,328),(425,'2025-11-04','14:30:00','15:00:00','Activo',26,328),(426,'2025-11-04','07:00:00','07:30:00','Activo',27,343),(427,'2025-11-04','07:30:00','08:00:00','Activo',4,343),(428,'2025-11-04','08:00:00','08:30:00','Activo',5,343),(429,'2025-11-04','08:30:00','09:00:00','Activo',10,343),(430,'2025-11-04','09:00:00','09:30:00','Activo',6,343),(431,'2025-11-04','09:30:00','10:00:00','Activo',7,343),(432,'2025-11-04','10:00:00','10:30:00','Activo',8,343),(433,'2025-11-04','10:30:00','11:00:00','Activo',29,343),(434,'2025-11-04','11:00:00','11:30:00','Activo',3,343),(435,'2025-11-04','11:30:00','12:00:00','Activo',20,343),(436,'2025-11-04','12:00:00','12:30:00','Activo',21,343),(437,'2025-11-04','12:30:00','13:00:00','Activo',1,343),(438,'2025-11-04','13:00:00','13:30:00','Activo',11,343),(439,'2025-11-04','13:30:00','14:00:00','Activo',12,343),(440,'2025-11-04','14:00:00','14:30:00','Activo',13,343),(441,'2025-11-04','14:30:00','15:00:00','Activo',14,343),(442,'2025-11-04','07:00:00','07:30:00','Activo',15,357),(443,'2025-11-04','07:30:00','08:00:00','Activo',16,357),(444,'2025-11-04','08:00:00','08:30:00','Activo',17,357),(445,'2025-11-04','08:30:00','09:00:00','Activo',18,357),(446,'2025-11-04','09:00:00','09:30:00','Activo',19,357),(447,'2025-11-04','09:30:00','10:00:00','Activo',2,357),(448,'2025-11-04','10:00:00','10:30:00','Activo',22,357),(449,'2025-11-04','10:30:00','11:00:00','Activo',23,357),(450,'2025-11-04','11:00:00','11:30:00','Activo',24,357),(451,'2025-11-04','11:30:00','12:00:00','Activo',25,357),(452,'2025-11-04','12:00:00','12:30:00','Activo',26,357),(453,'2025-11-04','12:30:00','13:00:00','Activo',27,357),(454,'2025-11-04','13:00:00','13:30:00','Activo',4,357),(455,'2025-11-04','13:30:00','14:00:00','Activo',5,357),(456,'2025-11-04','14:00:00','14:30:00','Activo',10,357),(457,'2025-11-04','14:30:00','15:00:00','Activo',6,357),(458,'2025-11-04','07:00:00','07:30:00','Activo',7,374),(459,'2025-11-04','07:30:00','08:00:00','Activo',8,374),(460,'2025-11-04','08:00:00','08:30:00','Activo',29,374),(461,'2025-11-04','08:30:00','09:00:00','Activo',3,374),(462,'2025-11-04','09:00:00','09:30:00','Activo',20,374),(463,'2025-11-04','09:30:00','10:00:00','Activo',21,374),(464,'2025-11-04','10:00:00','10:30:00','Activo',1,374),(465,'2025-11-04','10:30:00','11:00:00','Activo',11,374),(466,'2025-11-04','11:00:00','11:30:00','Activo',12,374),(467,'2025-11-04','11:30:00','12:00:00','Activo',13,374),(468,'2025-11-04','12:00:00','12:30:00','Activo',14,374),(469,'2025-11-04','12:30:00','13:00:00','Activo',15,374),(470,'2025-11-04','13:00:00','13:30:00','Activo',16,374),(471,'2025-11-04','13:30:00','14:00:00','Activo',17,374),(472,'2025-11-04','14:00:00','14:30:00','Activo',18,374),(473,'2025-11-04','14:30:00','15:00:00','Activo',19,374),(474,'2025-11-04','07:00:00','07:30:00','Activo',2,558),(475,'2025-11-04','07:30:00','08:00:00','Activo',22,558),(476,'2025-11-04','08:00:00','08:30:00','Activo',23,558),(477,'2025-11-04','08:30:00','09:00:00','Activo',24,558),(478,'2025-11-04','09:00:00','09:30:00','Activo',25,558),(479,'2025-11-04','09:30:00','10:00:00','Activo',26,558),(480,'2025-11-04','10:00:00','10:30:00','Activo',27,558),(481,'2025-11-04','10:30:00','11:00:00','Activo',4,558),(482,'2025-11-04','11:00:00','11:30:00','Activo',5,558),(483,'2025-11-04','11:30:00','12:00:00','Activo',10,558),(484,'2025-11-04','12:00:00','12:30:00','Activo',6,558),(485,'2025-11-04','12:30:00','13:00:00','Activo',7,558),(486,'2025-11-04','13:00:00','13:30:00','Activo',8,558),(487,'2025-11-04','13:30:00','14:00:00','Activo',29,558),(488,'2025-11-04','14:00:00','14:30:00','Activo',3,558),(489,'2025-11-04','14:30:00','15:00:00','Activo',20,558),(490,'2025-11-04','08:00:00','08:30:00','Activo',21,200),(491,'2025-11-04','08:30:00','09:00:00','Activo',1,200),(492,'2025-11-04','09:00:00','09:30:00','Activo',11,200),(493,'2025-11-04','09:30:00','10:00:00','Activo',12,200),(494,'2025-11-04','10:00:00','10:30:00','Activo',13,200),(495,'2025-11-04','10:30:00','11:00:00','Activo',14,200),(496,'2025-11-04','11:00:00','11:30:00','Activo',15,200),(497,'2025-11-04','11:30:00','12:00:00','Activo',16,200),(498,'2025-11-04','08:00:00','08:30:00','Activo',17,300),(499,'2025-11-04','08:30:00','09:00:00','Activo',18,300),(500,'2025-11-04','09:00:00','09:30:00','Activo',19,300),(501,'2025-11-04','09:30:00','10:00:00','Activo',2,300),(502,'2025-11-04','10:00:00','10:30:00','Activo',22,300),(503,'2025-11-04','10:30:00','11:00:00','Activo',23,300),(504,'2025-11-04','11:00:00','11:30:00','Activo',24,300),(505,'2025-11-04','11:30:00','12:00:00','Activo',25,300),(506,'2025-11-04','08:00:00','08:30:00','Activo',26,406),(507,'2025-11-04','08:30:00','09:00:00','Activo',27,406),(508,'2025-11-04','09:00:00','09:30:00','Activo',4,406),(509,'2025-11-04','09:30:00','10:00:00','Activo',5,406),(510,'2025-11-04','10:00:00','10:30:00','Activo',10,406),(511,'2025-11-04','10:30:00','11:00:00','Activo',6,406),(512,'2025-11-04','11:00:00','11:30:00','Activo',7,406),(513,'2025-11-04','11:30:00','12:00:00','Activo',8,406),(514,'2025-11-04','08:00:00','08:30:00','Activo',29,422),(515,'2025-11-04','08:30:00','09:00:00','Activo',3,422),(516,'2025-11-04','09:00:00','09:30:00','Activo',20,422),(517,'2025-11-04','09:30:00','10:00:00','Activo',21,422),(518,'2025-11-04','10:00:00','10:30:00','Activo',1,422),(519,'2025-11-04','10:30:00','11:00:00','Activo',11,422),(520,'2025-11-04','11:00:00','11:30:00','Activo',12,422),(521,'2025-11-04','11:30:00','12:00:00','Activo',13,422),(522,'2025-11-04','08:00:00','08:30:00','Activo',14,452),(523,'2025-11-04','08:30:00','09:00:00','Activo',15,452),(524,'2025-11-04','09:00:00','09:30:00','Activo',16,452),(525,'2025-11-04','09:30:00','10:00:00','Activo',17,452),(526,'2025-11-04','10:00:00','10:30:00','Activo',18,452),(527,'2025-11-04','10:30:00','11:00:00','Activo',19,452),(528,'2025-11-04','11:00:00','11:30:00','Activo',2,452),(529,'2025-11-04','11:30:00','12:00:00','Activo',22,452),(530,'2025-11-04','08:00:00','08:30:00','Activo',23,467),(531,'2025-11-04','08:30:00','09:00:00','Activo',24,467),(532,'2025-11-04','09:00:00','09:30:00','Activo',25,467),(533,'2025-11-04','09:30:00','10:00:00','Activo',26,467),(534,'2025-11-04','10:00:00','10:30:00','Activo',27,467),(535,'2025-11-04','10:30:00','11:00:00','Activo',4,467),(536,'2025-11-04','11:00:00','11:30:00','Activo',5,467),(537,'2025-11-04','11:30:00','12:00:00','Activo',10,467),(538,'2025-11-04','08:00:00','08:30:00','Activo',6,542),(539,'2025-11-04','08:30:00','09:00:00','Activo',7,542),(540,'2025-11-04','09:00:00','09:30:00','Activo',8,542),(541,'2025-11-04','09:30:00','10:00:00','Activo',29,542),(542,'2025-11-04','10:00:00','10:30:00','Activo',3,542),(543,'2025-11-04','10:30:00','11:00:00','Activo',20,542),(544,'2025-11-04','11:00:00','11:30:00','Activo',21,542),(545,'2025-11-04','11:30:00','12:00:00','Activo',1,542),(546,'2025-11-04','08:00:00','08:30:00','Activo',11,583),(547,'2025-11-04','08:30:00','09:00:00','Activo',12,583),(548,'2025-11-04','09:00:00','09:30:00','Activo',13,583),(549,'2025-11-04','09:30:00','10:00:00','Activo',14,583),(550,'2025-11-04','10:00:00','10:30:00','Activo',15,583),(551,'2025-11-04','10:30:00','11:00:00','Activo',16,583),(552,'2025-11-04','11:00:00','11:30:00','Activo',17,583),(553,'2025-11-04','11:30:00','12:00:00','Activo',18,583),(554,'2025-11-04','08:00:00','08:30:00','Activo',19,598),(555,'2025-11-04','08:30:00','09:00:00','Activo',2,598),(556,'2025-11-04','09:00:00','09:30:00','Activo',22,598),(557,'2025-11-04','09:30:00','10:00:00','Activo',23,598),(558,'2025-11-04','10:00:00','10:30:00','Activo',24,598),(559,'2025-11-04','10:30:00','11:00:00','Activo',25,598),(560,'2025-11-04','11:00:00','11:30:00','Activo',26,598),(561,'2025-11-04','11:30:00','12:00:00','Activo',27,598),(562,'2025-11-04','08:00:00','08:30:00','Activo',4,612),(563,'2025-11-04','08:30:00','09:00:00','Activo',5,612),(564,'2025-11-04','09:00:00','09:30:00','Activo',10,612),(565,'2025-11-04','09:30:00','10:00:00','Activo',6,612),(566,'2025-11-04','10:00:00','10:30:00','Activo',7,612),(567,'2025-11-04','10:30:00','11:00:00','Activo',8,612),(568,'2025-11-04','11:00:00','11:30:00','Activo',29,612),(569,'2025-11-04','11:30:00','12:00:00','Activo',3,612),(570,'2025-11-04','08:00:00','08:30:00','Activo',20,647),(571,'2025-11-04','08:30:00','09:00:00','Activo',21,647),(572,'2025-11-04','09:00:00','09:30:00','Activo',1,647),(573,'2025-11-04','09:30:00','10:00:00','Activo',11,647),(574,'2025-11-04','10:00:00','10:30:00','Activo',12,647),(575,'2025-11-04','10:30:00','11:00:00','Activo',13,647),(576,'2025-11-04','11:00:00','11:30:00','Activo',14,647),(577,'2025-11-04','11:30:00','12:00:00','Activo',15,647),(578,'2025-11-04','08:00:00','08:30:00','Activo',16,650),(579,'2025-11-04','08:30:00','09:00:00','Activo',17,650),(580,'2025-11-04','09:00:00','09:30:00','Activo',18,650),(581,'2025-11-04','09:30:00','10:00:00','Activo',19,650),(582,'2025-11-04','10:00:00','10:30:00','Activo',2,650),(583,'2025-11-04','10:30:00','11:00:00','Activo',22,650),(584,'2025-11-04','11:00:00','11:30:00','Activo',23,650),(585,'2025-11-04','11:30:00','12:00:00','Activo',24,650),(586,'2025-11-04','08:00:00','08:30:00','Activo',25,655),(587,'2025-11-04','08:30:00','09:00:00','Activo',26,655),(588,'2025-11-04','09:00:00','09:30:00','Activo',27,655),(589,'2025-11-04','09:30:00','10:00:00','Activo',4,655),(590,'2025-11-04','10:00:00','10:30:00','Activo',5,655),(591,'2025-11-04','10:30:00','11:00:00','Activo',10,655),(592,'2025-11-04','11:00:00','11:30:00','Activo',6,655),(593,'2025-11-04','11:30:00','12:00:00','Activo',7,655),(594,'2025-11-04','09:00:00','09:30:00','Activo',8,228),(595,'2025-11-04','09:30:00','10:00:00','Activo',29,228),(596,'2025-11-04','10:00:00','10:30:00','Activo',3,228),(597,'2025-11-04','10:30:00','11:00:00','Activo',20,228),(598,'2025-11-04','11:00:00','11:30:00','Activo',21,228),(599,'2025-11-04','11:30:00','12:00:00','Activo',1,228),(600,'2025-11-04','12:00:00','12:30:00','Activo',11,228),(601,'2025-11-04','12:30:00','13:00:00','Activo',12,228),(602,'2025-11-04','09:00:00','09:30:00','Activo',13,273),(603,'2025-11-04','09:30:00','10:00:00','Activo',14,273),(604,'2025-11-04','10:00:00','10:30:00','Activo',15,273),(605,'2025-11-04','10:30:00','11:00:00','Activo',16,273),(606,'2025-11-04','11:00:00','11:30:00','Activo',17,273),(607,'2025-11-04','11:30:00','12:00:00','Activo',18,273),(608,'2025-11-04','12:00:00','12:30:00','Activo',19,273),(609,'2025-11-04','12:30:00','13:00:00','Activo',2,273),(610,'2025-11-04','09:00:00','09:30:00','Activo',22,287),(611,'2025-11-04','09:30:00','10:00:00','Activo',23,287),(612,'2025-11-04','10:00:00','10:30:00','Activo',24,287),(613,'2025-11-04','10:30:00','11:00:00','Activo',25,287),(614,'2025-11-04','11:00:00','11:30:00','Activo',26,287),(615,'2025-11-04','11:30:00','12:00:00','Activo',27,287),(616,'2025-11-04','12:00:00','12:30:00','Activo',4,287),(617,'2025-11-04','12:30:00','13:00:00','Activo',5,287),(618,'2025-11-04','09:00:00','09:30:00','Activo',10,329),(619,'2025-11-04','09:30:00','10:00:00','Activo',6,329),(620,'2025-11-04','10:00:00','10:30:00','Activo',7,329),(621,'2025-11-04','10:30:00','11:00:00','Activo',8,329),(622,'2025-11-04','11:00:00','11:30:00','Activo',29,329),(623,'2025-11-04','11:30:00','12:00:00','Activo',3,329),(624,'2025-11-04','12:00:00','12:30:00','Activo',20,329),(625,'2025-11-04','12:30:00','13:00:00','Activo',21,329),(626,'2025-11-04','09:00:00','09:30:00','Activo',1,388),(627,'2025-11-04','09:30:00','10:00:00','Activo',11,388),(628,'2025-11-04','10:00:00','10:30:00','Activo',12,388),(629,'2025-11-04','10:30:00','11:00:00','Activo',13,388),(630,'2025-11-04','11:00:00','11:30:00','Activo',14,388),(631,'2025-11-04','11:30:00','12:00:00','Activo',15,388),(632,'2025-11-04','12:00:00','12:30:00','Activo',16,388),(633,'2025-11-04','12:30:00','13:00:00','Activo',17,388),(634,'2025-11-04','09:00:00','09:30:00','Activo',18,435),(635,'2025-11-04','09:30:00','10:00:00','Activo',19,435),(636,'2025-11-04','10:00:00','10:30:00','Activo',2,435),(637,'2025-11-04','10:30:00','11:00:00','Activo',22,435),(638,'2025-11-04','11:00:00','11:30:00','Activo',23,435),(639,'2025-11-04','11:30:00','12:00:00','Activo',24,435),(640,'2025-11-04','12:00:00','12:30:00','Activo',25,435),(641,'2025-11-04','12:30:00','13:00:00','Activo',26,435),(642,'2025-11-04','09:00:00','09:30:00','Activo',27,468),(643,'2025-11-04','09:30:00','10:00:00','Activo',4,468),(644,'2025-11-04','10:00:00','10:30:00','Activo',5,468),(645,'2025-11-04','10:30:00','11:00:00','Activo',10,468),(646,'2025-11-04','11:00:00','11:30:00','Activo',6,468),(647,'2025-11-04','11:30:00','12:00:00','Activo',7,468),(648,'2025-11-04','12:00:00','12:30:00','Activo',8,468),(649,'2025-11-04','12:30:00','13:00:00','Activo',29,468),(650,'2025-11-04','09:00:00','09:30:00','Activo',3,482),(651,'2025-11-04','09:30:00','10:00:00','Activo',20,482),(652,'2025-11-04','10:00:00','10:30:00','Activo',21,482),(653,'2025-11-04','10:30:00','11:00:00','Activo',1,482),(654,'2025-11-04','11:00:00','11:30:00','Activo',11,482),(655,'2025-11-04','11:30:00','12:00:00','Activo',12,482),(656,'2025-11-04','12:00:00','12:30:00','Activo',13,482),(657,'2025-11-04','12:30:00','13:00:00','Activo',14,482),(658,'2025-11-04','09:00:00','09:30:00','Activo',15,496),(659,'2025-11-04','09:30:00','10:00:00','Activo',16,496),(660,'2025-11-04','10:00:00','10:30:00','Activo',17,496),(661,'2025-11-04','10:30:00','11:00:00','Activo',18,496),(662,'2025-11-04','11:00:00','11:30:00','Activo',19,496),(663,'2025-11-04','11:30:00','12:00:00','Activo',2,496),(664,'2025-11-04','12:00:00','12:30:00','Activo',22,496),(665,'2025-11-04','12:30:00','13:00:00','Activo',23,496),(666,'2025-11-04','09:00:00','09:30:00','Activo',24,543),(667,'2025-11-04','09:30:00','10:00:00','Activo',25,543),(668,'2025-11-04','10:00:00','10:30:00','Activo',26,543),(669,'2025-11-04','10:30:00','11:00:00','Activo',27,543),(670,'2025-11-04','11:00:00','11:30:00','Activo',4,543),(671,'2025-11-04','11:30:00','12:00:00','Activo',5,543),(672,'2025-11-04','12:00:00','12:30:00','Activo',10,543),(673,'2025-11-04','12:30:00','13:00:00','Activo',6,543),(674,'2025-11-04','09:00:00','09:30:00','Activo',7,571),(675,'2025-11-04','09:30:00','10:00:00','Activo',8,571),(676,'2025-11-04','10:00:00','10:30:00','Activo',29,571),(677,'2025-11-04','10:30:00','11:00:00','Activo',3,571),(678,'2025-11-04','11:00:00','11:30:00','Activo',20,571),(679,'2025-11-04','11:30:00','12:00:00','Activo',21,571),(680,'2025-11-04','12:00:00','12:30:00','Activo',1,571),(681,'2025-11-04','12:30:00','13:00:00','Activo',11,571),(682,'2025-11-04','09:00:00','09:30:00','Activo',12,645),(683,'2025-11-04','09:30:00','10:00:00','Activo',13,645),(684,'2025-11-04','10:00:00','10:30:00','Activo',14,645),(685,'2025-11-04','10:30:00','11:00:00','Activo',15,645),(686,'2025-11-04','11:00:00','11:30:00','Activo',16,645),(687,'2025-11-04','11:30:00','12:00:00','Activo',17,645),(688,'2025-11-04','12:00:00','12:30:00','Activo',18,645),(689,'2025-11-04','12:30:00','13:00:00','Activo',19,645),(690,'2025-11-04','09:00:00','09:30:00','Activo',2,653),(691,'2025-11-04','09:30:00','10:00:00','Activo',22,653),(692,'2025-11-04','10:00:00','10:30:00','Activo',23,653),(693,'2025-11-04','10:30:00','11:00:00','Activo',24,653),(694,'2025-11-04','11:00:00','11:30:00','Activo',25,653),(695,'2025-11-04','11:30:00','12:00:00','Activo',26,653),(696,'2025-11-04','12:00:00','12:30:00','Activo',27,653),(697,'2025-11-04','12:30:00','13:00:00','Activo',4,653),(698,'2025-11-04','09:00:00','09:30:00','Activo',5,657),(699,'2025-11-04','09:30:00','10:00:00','Activo',10,657),(700,'2025-11-04','10:00:00','10:30:00','Activo',6,657),(701,'2025-11-04','10:30:00','11:00:00','Activo',7,657),(702,'2025-11-04','11:00:00','11:30:00','Activo',8,657),(703,'2025-11-04','11:30:00','12:00:00','Activo',29,657),(704,'2025-11-04','12:00:00','12:30:00','Activo',3,657),(705,'2025-11-04','12:30:00','13:00:00','Activo',20,657),(706,'2025-11-04','09:00:00','09:30:00','Activo',21,660),(707,'2025-11-04','09:30:00','10:00:00','Activo',1,660),(708,'2025-11-04','10:00:00','10:30:00','Activo',11,660),(709,'2025-11-04','10:30:00','11:00:00','Activo',12,660),(710,'2025-11-04','11:00:00','11:30:00','Activo',13,660),(711,'2025-11-04','11:30:00','12:00:00','Activo',14,660),(712,'2025-11-04','12:00:00','12:30:00','Activo',15,660),(713,'2025-11-04','12:30:00','13:00:00','Activo',16,660),(714,'2025-11-04','13:00:00','13:30:00','Activo',17,242),(715,'2025-11-04','13:30:00','14:00:00','Activo',18,242),(716,'2025-11-04','14:00:00','14:30:00','Activo',19,242),(717,'2025-11-04','14:30:00','15:00:00','Activo',2,242),(718,'2025-11-04','15:00:00','15:30:00','Activo',22,242),(719,'2025-11-04','15:30:00','16:00:00','Activo',23,242),(720,'2025-11-04','16:00:00','16:30:00','Activo',24,242),(721,'2025-11-04','16:30:00','17:00:00','Activo',25,242),(722,'2025-11-04','17:00:00','17:30:00','Activo',26,242),(723,'2025-11-04','17:30:00','18:00:00','Activo',27,242),(724,'2025-11-04','18:00:00','18:30:00','Activo',4,242),(725,'2025-11-04','18:30:00','19:00:00','Activo',5,242),(726,'2025-11-04','19:00:00','19:30:00','Activo',10,242),(727,'2025-11-04','19:30:00','20:00:00','Activo',6,242),(728,'2025-11-04','20:00:00','20:30:00','Activo',7,242),(729,'2025-11-04','20:30:00','21:00:00','Activo',8,242),(730,'2025-11-04','13:00:00','13:30:00','Activo',29,272),(731,'2025-11-04','13:30:00','14:00:00','Activo',3,272),(732,'2025-11-04','14:00:00','14:30:00','Activo',20,272),(733,'2025-11-04','14:30:00','15:00:00','Activo',21,272),(734,'2025-11-04','15:00:00','15:30:00','Activo',1,272),(735,'2025-11-04','15:30:00','16:00:00','Activo',11,272),(736,'2025-11-04','16:00:00','16:30:00','Activo',12,272),(737,'2025-11-04','16:30:00','17:00:00','Activo',13,272),(738,'2025-11-04','17:00:00','17:30:00','Activo',14,272),(739,'2025-11-04','17:30:00','18:00:00','Activo',15,272),(740,'2025-11-04','18:00:00','18:30:00','Activo',16,272),(741,'2025-11-04','18:30:00','19:00:00','Activo',17,272),(742,'2025-11-04','19:00:00','19:30:00','Activo',18,272),(743,'2025-11-04','19:30:00','20:00:00','Activo',19,272),(744,'2025-11-04','20:00:00','20:30:00','Activo',2,272),(745,'2025-11-04','20:30:00','21:00:00','Activo',22,272),(746,'2025-11-04','13:00:00','13:30:00','Activo',23,483),(747,'2025-11-04','13:30:00','14:00:00','Activo',24,483),(748,'2025-11-04','14:00:00','14:30:00','Activo',25,483),(749,'2025-11-04','14:30:00','15:00:00','Activo',26,483),(750,'2025-11-04','15:00:00','15:30:00','Activo',27,483),(751,'2025-11-04','15:30:00','16:00:00','Activo',4,483),(752,'2025-11-04','16:00:00','16:30:00','Activo',5,483),(753,'2025-11-04','16:30:00','17:00:00','Activo',10,483),(754,'2025-11-04','17:00:00','17:30:00','Activo',6,483),(755,'2025-11-04','17:30:00','18:00:00','Activo',7,483),(756,'2025-11-04','18:00:00','18:30:00','Activo',8,483),(757,'2025-11-04','18:30:00','19:00:00','Activo',29,483),(758,'2025-11-04','19:00:00','19:30:00','Activo',3,483),(759,'2025-11-04','19:30:00','20:00:00','Activo',20,483),(760,'2025-11-04','20:00:00','20:30:00','Activo',21,483),(761,'2025-11-04','20:30:00','21:00:00','Activo',1,483),(762,'2025-11-04','13:00:00','13:30:00','Activo',11,584),(763,'2025-11-04','13:30:00','14:00:00','Activo',12,584),(764,'2025-11-04','14:00:00','14:30:00','Activo',13,584),(765,'2025-11-04','14:30:00','15:00:00','Activo',14,584),(766,'2025-11-04','15:00:00','15:30:00','Activo',15,584),(767,'2025-11-04','15:30:00','16:00:00','Activo',16,584),(768,'2025-11-04','16:00:00','16:30:00','Activo',17,584),(769,'2025-11-04','16:30:00','17:00:00','Activo',18,584),(770,'2025-11-04','17:00:00','17:30:00','Activo',19,584),(771,'2025-11-04','17:30:00','18:00:00','Activo',2,584),(772,'2025-11-04','18:00:00','18:30:00','Activo',22,584),(773,'2025-11-04','18:30:00','19:00:00','Activo',23,584),(774,'2025-11-04','19:00:00','19:30:00','Activo',24,584),(775,'2025-11-04','19:30:00','20:00:00','Activo',25,584),(776,'2025-11-04','20:00:00','20:30:00','Activo',26,584),(777,'2025-11-04','20:30:00','21:00:00','Activo',27,584),(778,'2025-11-04','15:00:00','19:00:00','Activo',NULL,21),(779,'2025-11-04','15:00:00','19:00:00','Activo',NULL,646),(780,'2025-11-04','08:00:00','12:00:00','Activo',NULL,300),(781,'2025-11-11','15:00:00','19:00:00','disponible',NULL,111);
/*!40000 ALTER TABLE `PROGRAMACION` ENABLE KEYS */;
UNLOCK TABLES;

--
-- Table structure for table `PROVINCIA`
--

DROP TABLE IF EXISTS `PROVINCIA`;
/*!40101 SET @saved_cs_client     = @@character_set_client */;
/*!50503 SET character_set_client = utf8mb4 */;
CREATE TABLE `PROVINCIA` (
  `id_provincia` int NOT NULL AUTO_INCREMENT,
  `nombre` varchar(100) NOT NULL,
  `id_departamento` int DEFAULT NULL,
  PRIMARY KEY (`id_provincia`),
  KEY `id_departamento` (`id_departamento`),
  CONSTRAINT `PROVINCIA_ibfk_1` FOREIGN KEY (`id_departamento`) REFERENCES `DEPARTAMENTO` (`id_departamento`)
) ENGINE=InnoDB AUTO_INCREMENT=2505 DEFAULT CHARSET=utf8mb4 COLLATE=utf8mb4_0900_ai_ci;
/*!40101 SET character_set_client = @saved_cs_client */;

--
-- Dumping data for table `PROVINCIA`
--

LOCK TABLES `PROVINCIA` WRITE;
/*!40000 ALTER TABLE `PROVINCIA` DISABLE KEYS */;
INSERT INTO `PROVINCIA` VALUES (101,'Chachapoyas',1),(102,'Bagua',1),(103,'Bongará',1),(104,'Condorcanqui',1),(105,'Luya',1),(106,'Rodríguez de Mendoza',1),(107,'Utcubamba',1),(201,'Huaraz',2),(202,'Aija',2),(203,'Antonio Raymondi',2),(204,'Asunción',2),(205,'Bolognesi',2),(206,'Carhuaz',2),(207,'Carlos Fermín Fitzcarrald',2),(208,'Casma',2),(209,'Corongo',2),(210,'Huari',2),(211,'Huarmey',2),(212,'Huaylas',2),(213,'Mariscal Luzuriaga',2),(214,'Ocros',2),(215,'Pallasca',2),(216,'Pomabamba',2),(217,'Recuay',2),(218,'Santa',2),(219,'Sihuas',2),(220,'Yungay',2),(301,'Abancay',3),(302,'Andahuaylas',3),(303,'Antabamba',3),(304,'Aymaraes',3),(305,'Cotabambas',3),(306,'Chincheros',3),(307,'Grau',3),(401,'Arequipa',4),(402,'Camaná',4),(403,'Caravelí',4),(404,'Castilla',4),(405,'Caylloma',4),(406,'Condesuyos',4),(407,'Islay',4),(408,'La Uniòn',4),(501,'Huamanga',5),(502,'Cangallo',5),(503,'Huanca Sancos',5),(504,'Huanta',5),(505,'La Mar',5),(506,'Lucanas',5),(507,'Parinacochas',5),(508,'Pàucar del Sara Sara',5),(509,'Sucre',5),(510,'Víctor Fajardo',5),(511,'Vilcas Huamán',5),(601,'Cajamarca',6),(602,'Cajabamba',6),(603,'Celendín',6),(604,'Chota',6),(605,'Contumazá',6),(606,'Cutervo',6),(607,'Hualgayoc',6),(608,'Jaén',6),(609,'San Ignacio',6),(610,'San Marcos',6),(611,'San Miguel',6),(612,'San Pablo',6),(613,'Santa Cruz',6),(701,'Prov. Const. del Callao',7),(801,'Cusco',8),(802,'Acomayo',8),(803,'Anta',8),(804,'Calca',8),(805,'Canas',8),(806,'Canchis',8),(807,'Chumbivilcas',8),(808,'Espinar',8),(809,'La Convención',8),(810,'Paruro',8),(811,'Paucartambo',8),(812,'Quispicanchi',8),(813,'Urubamba',8),(901,'Huancavelica',9),(902,'Acobamba',9),(903,'Angaraes',9),(904,'Castrovirreyna',9),(905,'Churcampa',9),(906,'Huaytará',9),(907,'Tayacaja',9),(1001,'Huánuco',10),(1002,'Ambo',10),(1003,'Dos de Mayo',10),(1004,'Huacaybamba',10),(1005,'Huamalíes',10),(1006,'Leoncio Prado',10),(1007,'Marañón',10),(1008,'Pachitea',10),(1009,'Puerto Inca',10),(1010,'Lauricocha',10),(1011,'Yarowilca',10),(1101,'Ica',11),(1102,'Chincha',11),(1103,'Nasca',11),(1104,'Palpa',11),(1105,'Pisco',11),(1201,'Huancayo',12),(1202,'Concepción',12),(1203,'Chanchamayo',12),(1204,'Jauja',12),(1205,'Junín',12),(1206,'Satipo',12),(1207,'Tarma',12),(1208,'Yauli',12),(1209,'Chupaca',12),(1301,'Trujillo',13),(1302,'Ascope',13),(1303,'Bolívar',13),(1304,'Chepén',13),(1305,'Julcán',13),(1306,'Otuzco',13),(1307,'Pacasmayo',13),(1308,'Pataz',13),(1309,'Sánchez Carrión',13),(1310,'Santiago de Chuco',13),(1311,'Gran Chimú',13),(1312,'Virú',13),(1401,'Chiclayo',14),(1402,'Ferreñafe',14),(1403,'Lambayeque',14),(1501,'Lima',15),(1502,'Barranca',15),(1503,'Cajatambo',15),(1504,'Canta',15),(1505,'Cañete',15),(1506,'Huaral',15),(1507,'Huarochirí',15),(1508,'Huaura',15),(1509,'Oyón',15),(1510,'Yauyos',15),(1601,'Maynas',16),(1602,'Alto Amazonas',16),(1603,'Loreto',16),(1604,'Mariscal Ramón Castilla',16),(1605,'Requena',16),(1606,'Ucayali',16),(1607,'Datem del Marañón',16),(1608,'Putumayo',16),(1701,'Tambopata',17),(1702,'Manu',17),(1703,'Tahuamanu',17),(1801,'Mariscal Nieto',18),(1802,'General Sánchez Cerro',18),(1803,'Ilo',18),(1901,'Pasco',19),(1902,'Daniel Alcides Carrión',19),(1903,'Oxapampa',19),(2001,'Piura',20),(2002,'Ayabaca',20),(2003,'Huancabamba',20),(2004,'Morropón',20),(2005,'Paita',20),(2006,'Sullana',20),(2007,'Talara',20),(2008,'Sechura',20),(2101,'Puno',21),(2102,'Azángaro',21),(2103,'Carabaya',21),(2104,'Chucuito',21),(2105,'El Collao',21),(2106,'Huancané',21),(2107,'Lampa',21),(2108,'Melgar',21),(2109,'Moho',21),(2110,'San Antonio de Putina',21),(2111,'San Román',21),(2112,'Sandia',21),(2113,'Yunguyo',21),(2201,'Moyobamba',22),(2202,'Bellavista',22),(2203,'El Dorado',22),(2204,'Huallaga',22),(2205,'Lamas',22),(2206,'Mariscal Cáceres',22),(2207,'Picota',22),(2208,'Rioja',22),(2209,'San Martín',22),(2210,'Tocache',22),(2301,'Tacna',23),(2302,'Candarave',23),(2303,'Jorge Basadre',23),(2304,'Tarata',23),(2401,'Tumbes',24),(2402,'Contralmirante Villar',24),(2403,'Zarumilla',24),(2501,'Coronel Portillo',25),(2502,'Atalaya',25),(2503,'Padre Abad',25),(2504,'Purús',25);
/*!40000 ALTER TABLE `PROVINCIA` ENABLE KEYS */;
UNLOCK TABLES;

--
-- Table structure for table `RECUPERACION_CONTRASENA`
--

DROP TABLE IF EXISTS `RECUPERACION_CONTRASENA`;
/*!40101 SET @saved_cs_client     = @@character_set_client */;
/*!50503 SET character_set_client = utf8mb4 */;
CREATE TABLE `RECUPERACION_CONTRASENA` (
  `id_recuperacion` int NOT NULL AUTO_INCREMENT,
  `id_usuario` int NOT NULL,
  `codigo` varchar(6) NOT NULL,
  `fecha_creacion` timestamp NULL DEFAULT CURRENT_TIMESTAMP,
  `usado` tinyint(1) DEFAULT '0',
  PRIMARY KEY (`id_recuperacion`),
  KEY `id_usuario` (`id_usuario`),
  CONSTRAINT `RECUPERACION_CONTRASENA_ibfk_1` FOREIGN KEY (`id_usuario`) REFERENCES `USUARIO` (`id_usuario`)
) ENGINE=InnoDB AUTO_INCREMENT=19 DEFAULT CHARSET=utf8mb4 COLLATE=utf8mb4_0900_ai_ci;
/*!40101 SET character_set_client = @saved_cs_client */;

--
-- Dumping data for table `RECUPERACION_CONTRASENA`
--

LOCK TABLES `RECUPERACION_CONTRASENA` WRITE;
/*!40000 ALTER TABLE `RECUPERACION_CONTRASENA` DISABLE KEYS */;
INSERT INTO `RECUPERACION_CONTRASENA` VALUES (1,17,'123456','2024-11-15 10:30:00',1),(2,18,'789012','2024-11-20 14:20:00',0),(11,35,'830553','2025-11-04 15:07:26',0),(16,24,'048343','2025-11-04 15:39:38',0),(18,26,'482925','2025-11-05 00:45:36',1);
/*!40000 ALTER TABLE `RECUPERACION_CONTRASENA` ENABLE KEYS */;
UNLOCK TABLES;

--
-- Table structure for table `RECURSO`
--

DROP TABLE IF EXISTS `RECURSO`;
/*!40101 SET @saved_cs_client     = @@character_set_client */;
/*!50503 SET character_set_client = utf8mb4 */;
CREATE TABLE `RECURSO` (
  `id_recurso` int NOT NULL AUTO_INCREMENT,
  `nombre` varchar(100) DEFAULT NULL,
  `estado` varchar(20) DEFAULT NULL,
  `id_tipo_recurso` int DEFAULT NULL,
  PRIMARY KEY (`id_recurso`),
  KEY `id_tipo_recurso` (`id_tipo_recurso`),
  CONSTRAINT `RECURSO_ibfk_1` FOREIGN KEY (`id_tipo_recurso`) REFERENCES `TIPO_RECURSO` (`id_tipo_recurso`)
) ENGINE=InnoDB AUTO_INCREMENT=13 DEFAULT CHARSET=utf8mb4 COLLATE=utf8mb4_0900_ai_ci;
/*!40101 SET character_set_client = @saved_cs_client */;

--
-- Dumping data for table `RECURSO`
--

LOCK TABLES `RECURSO` WRITE;
/*!40000 ALTER TABLE `RECURSO` DISABLE KEYS */;
INSERT INTO `RECURSO` VALUES (1,'Consultorio 101','Activo',1),(2,'Consultorio 102','Activo',1),(3,'Consultorio 103','Activo',1),(4,'Consultorio 104','Activo',1),(5,'Consultorio 105','Activo',1),(6,'Consultorio 106','Activo',1),(7,'Quirófano 1','Activo',2),(8,'Quirófano 2','Activo',2),(9,'Emergencia 1','Activo',3),(10,'Lab Principal','Activo',4),(11,'Rayos X 1','Activo',5),(12,'Ecografía 1','Activo',5);
/*!40000 ALTER TABLE `RECURSO` ENABLE KEYS */;
UNLOCK TABLES;

--
-- Table structure for table `RECURSO_ARCHIVO`
--

DROP TABLE IF EXISTS `RECURSO_ARCHIVO`;
/*!40101 SET @saved_cs_client     = @@character_set_client */;
/*!50503 SET character_set_client = utf8mb4 */;
CREATE TABLE `RECURSO_ARCHIVO` (
  `id_archivo` int NOT NULL AUTO_INCREMENT,
  `id_recurso` int NOT NULL,
  `nombre_archivo` varchar(255) COLLATE utf8mb4_unicode_ci NOT NULL,
  `ruta_archivo` varchar(500) COLLATE utf8mb4_unicode_ci NOT NULL,
  `tipo_archivo` varchar(100) COLLATE utf8mb4_unicode_ci DEFAULT NULL,
  `tamano_bytes` bigint DEFAULT NULL,
  `fecha_subida` datetime DEFAULT CURRENT_TIMESTAMP,
  PRIMARY KEY (`id_archivo`),
  KEY `idx_recurso` (`id_recurso`),
  KEY `idx_fecha` (`fecha_subida`),
  CONSTRAINT `RECURSO_ARCHIVO_ibfk_1` FOREIGN KEY (`id_recurso`) REFERENCES `RECURSO` (`id_recurso`) ON DELETE CASCADE
) ENGINE=InnoDB AUTO_INCREMENT=3 DEFAULT CHARSET=utf8mb4 COLLATE=utf8mb4_unicode_ci;
/*!40101 SET character_set_client = @saved_cs_client */;

--
-- Dumping data for table `RECURSO_ARCHIVO`
--

LOCK TABLES `RECURSO_ARCHIVO` WRITE;
/*!40000 ALTER TABLE `RECURSO_ARCHIVO` DISABLE KEYS */;
INSERT INTO `RECURSO_ARCHIVO` VALUES (1,1,'plano_consultorio_101.pdf','uploads/recursos/plano_consultorio_101.pdf','application/pdf',512000,'2024-01-10 09:00:00'),(2,7,'inventario_quirofano_1.xlsx','uploads/recursos/inventario_quirofano_1.xlsx','application/vnd.ms-excel',128456,'2024-01-15 10:30:00');
/*!40000 ALTER TABLE `RECURSO_ARCHIVO` ENABLE KEYS */;
UNLOCK TABLES;

--
-- Table structure for table `REPORTE`
--

DROP TABLE IF EXISTS `REPORTE`;
/*!40101 SET @saved_cs_client     = @@character_set_client */;
/*!50503 SET character_set_client = utf8mb4 */;
CREATE TABLE `REPORTE` (
  `id_reporte` int NOT NULL AUTO_INCREMENT,
  `codigo` varchar(50) DEFAULT NULL,
  `nombre` varchar(100) DEFAULT NULL,
  `tipo` varchar(50) DEFAULT NULL,
  `descripcion` text,
  `contenido_json` json DEFAULT NULL,
  `estado` varchar(20) DEFAULT 'Pendiente',
  `fecha_creacion` timestamp NULL DEFAULT NULL,
  `id_categoria` int DEFAULT NULL,
  `id_empleado` int DEFAULT NULL,
  `id_servicio` int DEFAULT NULL,
  `id_recurso` int DEFAULT NULL,
  PRIMARY KEY (`id_reporte`),
  KEY `id_categoria` (`id_categoria`),
  KEY `id_empleado` (`id_empleado`),
  KEY `id_servicio` (`id_servicio`),
  KEY `id_recurso` (`id_recurso`),
  CONSTRAINT `REPORTE_ibfk_1` FOREIGN KEY (`id_categoria`) REFERENCES `CATEGORIA` (`id_categoria`),
  CONSTRAINT `REPORTE_ibfk_2` FOREIGN KEY (`id_empleado`) REFERENCES `EMPLEADO` (`id_empleado`),
  CONSTRAINT `REPORTE_ibfk_3` FOREIGN KEY (`id_servicio`) REFERENCES `SERVICIO` (`id_servicio`),
  CONSTRAINT `REPORTE_ibfk_4` FOREIGN KEY (`id_recurso`) REFERENCES `RECURSO` (`id_recurso`)
) ENGINE=InnoDB AUTO_INCREMENT=6 DEFAULT CHARSET=utf8mb4 COLLATE=utf8mb4_0900_ai_ci;
/*!40101 SET character_set_client = @saved_cs_client */;

--
-- Dumping data for table `REPORTE`
--

LOCK TABLES `REPORTE` WRITE;
/*!40000 ALTER TABLE `REPORTE` DISABLE KEYS */;
INSERT INTO `REPORTE` VALUES (1,'REP-20241201-001','Reporte Mensual de Citas - Noviembre 2024','Mensual','Resumen de citas atendidas en noviembre',NULL,'Completado','2024-12-01 08:00:00',1,1,NULL,NULL),(2,'REP-20241201-002','Reporte de Incidencias - Noviembre 2024','Mensual','Resumen de incidencias reportadas',NULL,'Completado','2024-12-01 09:00:00',7,1,NULL,NULL),(3,'REP-20241201-003','Reporte de Ocupación de Recursos','Mensual','Uso de consultorios y salas en noviembre',NULL,'Completado','2024-12-01 10:00:00',4,2,NULL,1),(4,'REP-20241202-001','Reporte de Atenciones por Especialidad','Mensual','Análisis de consultas por especialidad',NULL,'Completado','2024-12-02 08:30:00',6,1,NULL,NULL),(5,'REP-20251104112454-2731','Reporte de Consulta Médica','Consulta Médica','Reporte de Consulta Médica',NULL,'Pendiente','2025-11-04 11:24:55',1,19,NULL,NULL);
/*!40000 ALTER TABLE `REPORTE` ENABLE KEYS */;
UNLOCK TABLES;

--
-- Table structure for table `REPORTE_ARCHIVO`
--

DROP TABLE IF EXISTS `REPORTE_ARCHIVO`;
/*!40101 SET @saved_cs_client     = @@character_set_client */;
/*!50503 SET character_set_client = utf8mb4 */;
CREATE TABLE `REPORTE_ARCHIVO` (
  `id_archivo` int NOT NULL AUTO_INCREMENT,
  `id_reporte` int NOT NULL,
  `nombre_archivo` varchar(255) COLLATE utf8mb4_unicode_ci NOT NULL,
  `ruta_archivo` varchar(500) COLLATE utf8mb4_unicode_ci NOT NULL,
  `tipo_archivo` varchar(100) COLLATE utf8mb4_unicode_ci NOT NULL,
  `tamano_bytes` bigint NOT NULL,
  `fecha_subida` datetime DEFAULT CURRENT_TIMESTAMP,
  PRIMARY KEY (`id_archivo`),
  KEY `idx_id_reporte` (`id_reporte`),
  KEY `idx_fecha_subida` (`fecha_subida`),
  CONSTRAINT `fk_reporte_archivo` FOREIGN KEY (`id_reporte`) REFERENCES `REPORTE` (`id_reporte`) ON DELETE CASCADE ON UPDATE CASCADE
) ENGINE=InnoDB AUTO_INCREMENT=3 DEFAULT CHARSET=utf8mb4 COLLATE=utf8mb4_unicode_ci;
/*!40101 SET character_set_client = @saved_cs_client */;

--
-- Dumping data for table `REPORTE_ARCHIVO`
--

LOCK TABLES `REPORTE_ARCHIVO` WRITE;
/*!40000 ALTER TABLE `REPORTE_ARCHIVO` DISABLE KEYS */;
INSERT INTO `REPORTE_ARCHIVO` VALUES (1,1,'reporte_citas_nov_2024.pdf','uploads/reportes/reporte_citas_nov_2024.pdf','application/pdf',1024567,'2024-12-01 08:05:00'),(2,2,'incidencias_nov_2024.xlsx','uploads/reportes/incidencias_nov_2024.xlsx','application/vnd.ms-excel',512345,'2024-12-01 09:05:00');
/*!40000 ALTER TABLE `REPORTE_ARCHIVO` ENABLE KEYS */;
UNLOCK TABLES;

--
-- Table structure for table `RESERVA`
--

DROP TABLE IF EXISTS `RESERVA`;
/*!40101 SET @saved_cs_client     = @@character_set_client */;
/*!50503 SET character_set_client = utf8mb4 */;
CREATE TABLE `RESERVA` (
  `id_reserva` int NOT NULL AUTO_INCREMENT,
  `fecha_registro` date DEFAULT NULL,
  `hora_registro` time DEFAULT NULL,
  `tipo` int DEFAULT NULL,
  `estado` varchar(20) DEFAULT NULL,
  `motivo_cancelacion` varchar(200) DEFAULT NULL,
  `id_paciente` int DEFAULT NULL,
  `id_programacion` int DEFAULT NULL,
  PRIMARY KEY (`id_reserva`),
  KEY `id_paciente` (`id_paciente`),
  KEY `id_programacion` (`id_programacion`),
  CONSTRAINT `RESERVA_ibfk_1` FOREIGN KEY (`id_paciente`) REFERENCES `PACIENTE` (`id_paciente`),
  CONSTRAINT `RESERVA_ibfk_2` FOREIGN KEY (`id_programacion`) REFERENCES `PROGRAMACION` (`id_programacion`)
) ENGINE=InnoDB AUTO_INCREMENT=48 DEFAULT CHARSET=utf8mb4 COLLATE=utf8mb4_0900_ai_ci;
/*!40101 SET character_set_client = @saved_cs_client */;

--
-- Dumping data for table `RESERVA`
--

LOCK TABLES `RESERVA` WRITE;
/*!40000 ALTER TABLE `RESERVA` DISABLE KEYS */;
INSERT INTO `RESERVA` VALUES (1,'2024-11-10','14:30:00',2,'Confirmada',NULL,1,1),(2,'2024-11-18','16:45:00',1,'Confirmada',NULL,2,2),(3,'2024-11-25','10:20:00',1,'Pendiente',NULL,3,7),(4,'2024-11-28','11:15:00',2,'Confirmada',NULL,4,8),(5,'2024-12-01','09:30:00',2,'Pendiente',NULL,5,5),(6,'2024-12-10','15:00:00',1,'Confirmada',NULL,6,3),(7,'2025-11-03','08:00:00',1,'Confirmada',NULL,1,10),(8,'2025-11-02','08:00:00',2,'Pendiente',NULL,2,34),(9,'2025-11-01','08:00:00',1,'Confirmada',NULL,3,18),(10,'2025-11-03','08:00:00',2,'Confirmada',NULL,4,42),(11,'2025-11-02','08:00:00',1,'Confirmada',NULL,5,26),(12,'2025-11-01','08:30:00',1,'Pendiente',NULL,6,11),(13,'2025-11-03','08:30:00',2,'Confirmada',NULL,7,35),(14,'2025-11-02','08:30:00',1,'Confirmada',NULL,8,43),(15,'2025-11-01','08:30:00',2,'Confirmada',NULL,9,19),(16,'2025-11-03','08:30:00',1,'Pendiente',NULL,10,27),(17,'2025-11-02','09:00:00',1,'Confirmada',NULL,11,50),(18,'2025-11-01','09:00:00',2,'Confirmada',NULL,12,58),(19,'2025-11-03','09:00:00',1,'Confirmada',NULL,13,36),(20,'2025-11-02','09:00:00',2,'Pendiente',NULL,14,28),(21,'2025-11-01','09:00:00',1,'Confirmada',NULL,1,44),(22,'2025-11-03','09:00:00',1,'Confirmada',NULL,2,66),(23,'2025-11-02','09:00:00',2,'Confirmada',NULL,3,74),(24,'2025-11-01','09:00:00',1,'Pendiente',NULL,4,20),(25,'2025-11-03','09:00:00',2,'Confirmada',NULL,5,12),(26,'2025-11-02','09:30:00',1,'Confirmada',NULL,6,21),(27,'2025-11-03','07:00:00',1,'Confirmada',NULL,1,442),(28,'2025-11-02','07:00:00',2,'Pendiente',NULL,2,410),(29,'2025-11-01','07:00:00',1,'Confirmada',NULL,3,458),(30,'2025-11-03','07:00:00',2,'Confirmada',NULL,4,426),(31,'2025-11-02','07:00:00',1,'Confirmada',NULL,5,474),(32,'2025-11-01','07:30:00',1,'Pendiente',NULL,6,459),(33,'2025-11-03','07:30:00',2,'Confirmada',NULL,7,475),(34,'2025-11-02','07:30:00',1,'Confirmada',NULL,8,443),(35,'2025-11-01','07:30:00',2,'Confirmada',NULL,9,411),(36,'2025-11-03','07:30:00',1,'Pendiente',NULL,10,427),(37,'2025-11-02','08:00:00',1,'Confirmada',NULL,11,460),(38,'2025-11-03','08:00:00',1,'Confirmada',NULL,13,538),(39,'2025-11-02','08:00:00',2,'Pendiente',NULL,14,554),(40,'2025-11-01','08:00:00',1,'Confirmada',NULL,1,476),(41,'2025-11-03','08:00:00',1,'Confirmada',NULL,2,498),(42,'2025-11-02','08:00:00',2,'Confirmada',NULL,3,562),(43,'2025-11-02','08:00:00',1,'Confirmada',NULL,6,412),(44,'2025-11-04','23:23:16',1,'Pendiente',NULL,11,778),(45,'2025-11-04','23:31:35',1,'Pendiente',NULL,11,779),(46,'2025-11-04','23:49:48',1,'Pendiente',NULL,11,780),(47,'2025-11-05','00:21:37',1,'Pendiente',NULL,9,781);
/*!40000 ALTER TABLE `RESERVA` ENABLE KEYS */;
UNLOCK TABLES;

--
-- Table structure for table `ROL`
--

DROP TABLE IF EXISTS `ROL`;
/*!40101 SET @saved_cs_client     = @@character_set_client */;
/*!50503 SET character_set_client = utf8mb4 */;
CREATE TABLE `ROL` (
  `id_rol` int NOT NULL AUTO_INCREMENT,
  `nombre` varchar(50) NOT NULL,
  `estado` varchar(20) DEFAULT NULL,
  PRIMARY KEY (`id_rol`)
) ENGINE=InnoDB AUTO_INCREMENT=6 DEFAULT CHARSET=utf8mb4 COLLATE=utf8mb4_0900_ai_ci;
/*!40101 SET character_set_client = @saved_cs_client */;

--
-- Dumping data for table `ROL`
--

LOCK TABLES `ROL` WRITE;
/*!40000 ALTER TABLE `ROL` DISABLE KEYS */;
INSERT INTO `ROL` VALUES (1,'Administrador','Activo'),(2,'Médico','Activo'),(3,'Recepcionista','Activo'),(4,'Farmacéutico','Activo'),(5,'Laboratorista','Activo');
/*!40000 ALTER TABLE `ROL` ENABLE KEYS */;
UNLOCK TABLES;

--
-- Table structure for table `SERVICIO`
--

DROP TABLE IF EXISTS `SERVICIO`;
/*!40101 SET @saved_cs_client     = @@character_set_client */;
/*!50503 SET character_set_client = utf8mb4 */;
CREATE TABLE `SERVICIO` (
  `id_servicio` int NOT NULL AUTO_INCREMENT,
  `nombre` varchar(100) DEFAULT NULL,
  `descripcion` text,
  `estado` varchar(20) DEFAULT NULL,
  `id_tipo_servicio` int DEFAULT NULL,
  `id_especialidad` int DEFAULT NULL,
  PRIMARY KEY (`id_servicio`),
  KEY `id_tipo_servicio` (`id_tipo_servicio`),
  KEY `id_especialidad` (`id_especialidad`),
  CONSTRAINT `SERVICIO_ibfk_1` FOREIGN KEY (`id_tipo_servicio`) REFERENCES `TIPO_SERVICIO` (`id_tipo_servicio`),
  CONSTRAINT `SERVICIO_ibfk_2` FOREIGN KEY (`id_especialidad`) REFERENCES `ESPECIALIDAD` (`id_especialidad`)
) ENGINE=InnoDB AUTO_INCREMENT=35 DEFAULT CHARSET=utf8mb4 COLLATE=utf8mb4_0900_ai_ci;
/*!40101 SET character_set_client = @saved_cs_client */;

--
-- Dumping data for table `SERVICIO`
--

LOCK TABLES `SERVICIO` WRITE;
/*!40000 ALTER TABLE `SERVICIO` DISABLE KEYS */;
INSERT INTO `SERVICIO` VALUES (1,'Pediatría','Atención médica personalizada en diversas especialidades médicas.','Activo',1,2),(2,'Cirugía General','Procedimientos quirúrgicos enfocados en el tratamiento de patologías abdominales, de piel, tejidos blandos y hernias.','Activo',2,17),(3,'Hematología','Análisis de sangre para evaluación del estado general de salud.','Activo',6,NULL),(4,'Rayos X','Servicios de diagnóstico por imágenes mediante rayos X y tomografías.','activo',3,NULL),(5,'Ecografía 4D/5D/6D','Servicio de ecografía avanzada para control médico y gestacional.','Activo',3,3),(6,'Banco de Sangre','Procesamiento y almacenamiento de sangre y hemoderivados para transfusiones.','Activo',4,NULL),(7,'Central de Esterilización','Área encargada de la esterilización de materiales e instrumentos médicos.','Activo',4,NULL),(8,'Farmacia','Dispensación y venta de medicamentos para pacientes hospitalizados y externos.','Activo',5,NULL),(10,'Tomografía','Servicios de diagnóstico por tomografías.','Activo',3,NULL),(11,'Cardiología','Especialidad encargada del diagnóstico, tratamiento y prevención de las enfermedades del corazón y del sistema cardiovascular.','Activo',1,4),(12,'Endocrinología','Se ocupa del estudio, diagnóstico y tratamiento de los trastornos hormonales y metabólicos, como la diabetes y los problemas tiroideos.','Activo',1,11),(13,'Gastroenterología','Atiende las enfermedades del aparato digestivo, incluyendo estómago, hígado, páncreas e intestinos.','Activo',1,12),(14,'Ginecología','Brinda atención integral a la salud reproductiva y ginecológica de la mujer, desde la adolescencia hasta la menopausia.','Activo',1,3),(15,'Dermatología','Especialidad médica enfocada en el diagnóstico y tratamiento de enfermedades de la piel, cabello y uñas.','Activo',1,5),(16,'Neurología','Se dedica al estudio, diagnóstico y tratamiento de los trastornos del sistema nervioso central y periférico.','Activo',1,8),(17,'Otorrinolaringología','Se encarga del diagnóstico y tratamiento de enfermedades del oído, nariz, garganta y estructuras relacionadas de cabeza y cuello.','Activo',1,13),(18,'Traumatología','Trata lesiones y enfermedades del sistema musculoesquelético, como huesos, articulaciones, ligamentos y tendones.','Activo',1,NULL),(19,'Urología','Especialidad médica que se ocupa del sistema urinario en ambos sexos y del aparato reproductor masculino.','Activo',1,14),(20,'Bioquímica Clínica','Pruebas para medir glucosa, colesterol, función renal y hepática.','Activo',6,NULL),(21,'Inmunología','Pruebas inmunológicas y detección de anticuerpos.','Activo',6,NULL),(22,'Cirugía Ginecológica','Intervenciones quirúrgicas relacionadas con el sistema reproductor femenino, como histerectomía o laparoscopía ginecológica.','Activo',2,3),(23,'Cirugía Ortopédica y Traumatológica','Cirugías de huesos, articulaciones, tendones y ligamentos para tratar fracturas y lesiones musculoesqueléticas.','Activo',2,NULL),(24,'Cirugía Urológica','Procedimientos quirúrgicos del sistema urinario y aparato reproductor masculino.','Activo',2,14),(25,'Cirugía Plástica','Procedimientos estéticos y reconstructivos destinados a mejorar la apariencia o restaurar la funcionalidad de tejidos y estructuras corporales.','Activo',2,15),(26,'Neurocirugía','Procedimientos quirúrgicos que tratan enfermedades del cerebro, médula espinal y sistema nervioso periférico.','Activo',2,8),(27,'Cirugía Gastrointestinal','Cirugías del aparato digestivo que incluyen estómago, intestinos, hígado, vesícula biliar y páncreas.','Activo',2,12),(29,'Prueba1','Prueba919291','activo',5,NULL),(30,'Consulta médica general','Atención médica básica','activo',1,2),(31,'Consulta médica general','Atención médica básica','activo',1,2),(32,'PruebaPostman','Atención médica básica','activo',1,2);
/*!40000 ALTER TABLE `SERVICIO` ENABLE KEYS */;
UNLOCK TABLES;

--
-- Table structure for table `TIPO_RECURSO`
--

DROP TABLE IF EXISTS `TIPO_RECURSO`;
/*!40101 SET @saved_cs_client     = @@character_set_client */;
/*!50503 SET character_set_client = utf8mb4 */;
CREATE TABLE `TIPO_RECURSO` (
  `id_tipo_recurso` int NOT NULL AUTO_INCREMENT,
  `nombre` varchar(50) DEFAULT NULL,
  `descripcion` text,
  PRIMARY KEY (`id_tipo_recurso`)
) ENGINE=InnoDB AUTO_INCREMENT=8 DEFAULT CHARSET=utf8mb4 COLLATE=utf8mb4_0900_ai_ci;
/*!40101 SET character_set_client = @saved_cs_client */;

--
-- Dumping data for table `TIPO_RECURSO`
--

LOCK TABLES `TIPO_RECURSO` WRITE;
/*!40000 ALTER TABLE `TIPO_RECURSO` DISABLE KEYS */;
INSERT INTO `TIPO_RECURSO` VALUES (1,'Consultorio Médico','Sala para consultas médicas'),(2,'Sala de Operaciones','Quirófano para cirugías'),(3,'Sala de Emergencias','Área de atención de emergencias'),(4,'Laboratorio','Sala de análisis clínicos'),(5,'Sala de Radiología','Área de estudios radiológicos'),(6,'Farmacia','Área de dispensación de medicamentos'),(7,'Sala de Espera','Área de espera para pacientes');
/*!40000 ALTER TABLE `TIPO_RECURSO` ENABLE KEYS */;
UNLOCK TABLES;

--
-- Table structure for table `TIPO_SERVICIO`
--

DROP TABLE IF EXISTS `TIPO_SERVICIO`;
/*!40101 SET @saved_cs_client     = @@character_set_client */;
/*!50503 SET character_set_client = utf8mb4 */;
CREATE TABLE `TIPO_SERVICIO` (
  `id_tipo_servicio` int NOT NULL AUTO_INCREMENT,
  `nombre` varchar(100) DEFAULT NULL,
  `descripcion` text,
  PRIMARY KEY (`id_tipo_servicio`)
) ENGINE=InnoDB AUTO_INCREMENT=7 DEFAULT CHARSET=utf8mb4 COLLATE=utf8mb4_0900_ai_ci;
/*!40101 SET character_set_client = @saved_cs_client */;

--
-- Dumping data for table `TIPO_SERVICIO`
--

LOCK TABLES `TIPO_SERVICIO` WRITE;
/*!40000 ALTER TABLE `TIPO_SERVICIO` DISABLE KEYS */;
INSERT INTO `TIPO_SERVICIO` VALUES (1,'Servicios de Consulta','Atención médica en consultorios externos de diversas especialidades.'),(2,'Procedimientos Quirúrgicos','Intervenciones quirúrgicas y atención en centro quirúrgico.'),(3,'Diagnóstico e Imagenología','Servicios de laboratorio clínico, rayos X, ecografía y tomografía.'),(4,'Banco de Sangre y Esterilización','Procesamiento y manejo de sangre, además de la central de esterilización.'),(5,'Farmacia','Atención y dispensación de medicamentos dentro de la clínica.'),(6,'Laboratorio Clínico','Realización de análisis y pruebas de laboratorio para diagnóstico.');
/*!40000 ALTER TABLE `TIPO_SERVICIO` ENABLE KEYS */;
UNLOCK TABLES;

--
-- Table structure for table `USUARIO`
--

DROP TABLE IF EXISTS `USUARIO`;
/*!40101 SET @saved_cs_client     = @@character_set_client */;
/*!50503 SET character_set_client = utf8mb4 */;
CREATE TABLE `USUARIO` (
  `id_usuario` int NOT NULL AUTO_INCREMENT,
  `correo` varchar(100) DEFAULT NULL,
  `contrasena` varchar(255) DEFAULT NULL,
  `telefono` varchar(9) DEFAULT NULL,
  `estado` varchar(20) DEFAULT NULL,
  `fecha_creacion` date DEFAULT NULL,
  PRIMARY KEY (`id_usuario`)
) ENGINE=InnoDB AUTO_INCREMENT=75 DEFAULT CHARSET=utf8mb4 COLLATE=utf8mb4_0900_ai_ci;
/*!40101 SET character_set_client = @saved_cs_client */;

--
-- Dumping data for table `USUARIO`
--

LOCK TABLES `USUARIO` WRITE;
/*!40000 ALTER TABLE `USUARIO` DISABLE KEYS */;
INSERT INTO `USUARIO` VALUES (1,'admin@clinicaunion.com','scrypt:32768:8:1$u7vOwM7YqnRsenmN$37c58dc7f3e3ec7ad9e32d6308f9a94b45009c6a756fcf0d08a5abfe0f49e669918ed7290eaa4ae7f0ed988f7cd3b0e97ead4de705c638669c660bb249ff64e3','987654321','activo','2024-01-01'),(2,'admin2@clinicaunion.com','scrypt:32768:8:1$u7vOwM7YqnRsenmN$37c58dc7f3e3ec7ad9e32d6308f9a94b45009c6a756fcf0d08a5abfe0f49e669918ed7290eaa4ae7f0ed988f7cd3b0e97ead4de705c638669c660bb249ff64e3','987654322','activo','2024-01-01'),(3,'dr.garcia@clinicaunion.com','scrypt:32768:8:1$u7vOwM7YqnRsenmN$37c58dc7f3e3ec7ad9e32d6308f9a94b45009c6a756fcf0d08a5abfe0f49e669918ed7290eaa4ae7f0ed988f7cd3b0e97ead4de705c638669c660bb249ff64e3','987111001','activo','2024-01-15'),(4,'dr.martinez@clinicaunion.com','scrypt:32768:8:1$u7vOwM7YqnRsenmN$37c58dc7f3e3ec7ad9e32d6308f9a94b45009c6a756fcf0d08a5abfe0f49e669918ed7290eaa4ae7f0ed988f7cd3b0e97ead4de705c638669c660bb249ff64e3','987111002','activo','2024-01-15'),(5,'dra.lopez@clinicaunion.com','scrypt:32768:8:1$u7vOwM7YqnRsenmN$37c58dc7f3e3ec7ad9e32d6308f9a94b45009c6a756fcf0d08a5abfe0f49e669918ed7290eaa4ae7f0ed988f7cd3b0e97ead4de705c638669c660bb249ff64e3','987111003','activo','2024-01-16'),(6,'dr.rodriguez@clinicaunion.com','scrypt:32768:8:1$u7vOwM7YqnRsenmN$37c58dc7f3e3ec7ad9e32d6308f9a94b45009c6a756fcf0d08a5abfe0f49e669918ed7290eaa4ae7f0ed988f7cd3b0e97ead4de705c638669c660bb249ff64e3','987111004','activo','2024-01-16'),(7,'dra.fernandez@clinicaunion.com','scrypt:32768:8:1$u7vOwM7YqnRsenmN$37c58dc7f3e3ec7ad9e32d6308f9a94b45009c6a756fcf0d08a5abfe0f49e669918ed7290eaa4ae7f0ed988f7cd3b0e97ead4de705c638669c660bb249ff64e3','987111005','activo','2024-01-17'),(8,'dr.sanchez@clinicaunion.com','scrypt:32768:8:1$u7vOwM7YqnRsenmN$37c58dc7f3e3ec7ad9e32d6308f9a94b45009c6a756fcf0d08a5abfe0f49e669918ed7290eaa4ae7f0ed988f7cd3b0e97ead4de705c638669c660bb249ff64e3','987111006','activo','2024-01-17'),(9,'recepcion1@clinicaunion.com','scrypt:32768:8:1$u7vOwM7YqnRsenmN$37c58dc7f3e3ec7ad9e32d6308f9a94b45009c6a756fcf0d08a5abfe0f49e669918ed7290eaa4ae7f0ed988f7cd3b0e97ead4de705c638669c660bb249ff64e3','987222001','activo','2024-01-20'),(10,'recepcion2@clinicaunion.com','scrypt:32768:8:1$u7vOwM7YqnRsenmN$37c58dc7f3e3ec7ad9e32d6308f9a94b45009c6a756fcf0d08a5abfe0f49e669918ed7290eaa4ae7f0ed988f7cd3b0e97ead4de705c638669c660bb249ff64e3','987222002','activo','2024-01-20'),(11,'farmacia1@clinicaunion.com','scrypt:32768:8:1$u7vOwM7YqnRsenmN$37c58dc7f3e3ec7ad9e32d6308f9a94b45009c6a756fcf0d08a5abfe0f49e669918ed7290eaa4ae7f0ed988f7cd3b0e97ead4de705c638669c660bb249ff64e3','987333001','activo','2024-01-22'),(12,'farmacia2@clinicaunion.com','scrypt:32768:8:1$u7vOwM7YqnRsenmN$37c58dc7f3e3ec7ad9e32d6308f9a94b45009c6a756fcf0d08a5abfe0f49e669918ed7290eaa4ae7f0ed988f7cd3b0e97ead4de705c638669c660bb249ff64e3','987333002','activo','2024-01-22'),(13,'lab1@clinicaunion.com','scrypt:32768:8:1$u7vOwM7YqnRsenmN$37c58dc7f3e3ec7ad9e32d6308f9a94b45009c6a756fcf0d08a5abfe0f49e669918ed7290eaa4ae7f0ed988f7cd3b0e97ead4de705c638669c660bb249ff64e3','987444001','activo','2024-01-25'),(14,'lab2@clinicaunion.com','scrypt:32768:8:1$u7vOwM7YqnRsenmN$37c58dc7f3e3ec7ad9e32d6308f9a94b45009c6a756fcf0d08a5abfe0f49e669918ed7290eaa4ae7f0ed988f7cd3b0e97ead4de705c638669c660bb249ff64e3','987444002','activo','2024-01-25'),(15,'juan.perez@email.com','scrypt:32768:8:1$u7vOwM7YqnRsenmN$37c58dc7f3e3ec7ad9e32d6308f9a94b45009c6a756fcf0d08a5abfe0f49e669918ed7290eaa4ae7f0ed988f7cd3b0e97ead4de705c638669c660bb249ff64e3','987555001','activo','2024-02-01'),(16,'maria.garcia@email.com','scrypt:32768:8:1$u7vOwM7YqnRsenmN$37c58dc7f3e3ec7ad9e32d6308f9a94b45009c6a756fcf0d08a5abfe0f49e669918ed7290eaa4ae7f0ed988f7cd3b0e97ead4de705c638669c660bb249ff64e3','987555002','activo','2024-02-02'),(17,'carlos.lopez@email.com','scrypt:32768:8:1$u7vOwM7YqnRsenmN$37c58dc7f3e3ec7ad9e32d6308f9a94b45009c6a756fcf0d08a5abfe0f49e669918ed7290eaa4ae7f0ed988f7cd3b0e97ead4de705c638669c660bb249ff64e3','987555003','activo','2024-02-03'),(18,'ana.martinez@email.com','scrypt:32768:8:1$u7vOwM7YqnRsenmN$37c58dc7f3e3ec7ad9e32d6308f9a94b45009c6a756fcf0d08a5abfe0f49e669918ed7290eaa4ae7f0ed988f7cd3b0e97ead4de705c638669c660bb249ff64e3','987555004','activo','2024-02-04'),(19,'luis.rodriguez@email.com','scrypt:32768:8:1$u7vOwM7YqnRsenmN$37c58dc7f3e3ec7ad9e32d6308f9a94b45009c6a756fcf0d08a5abfe0f49e669918ed7290eaa4ae7f0ed988f7cd3b0e97ead4de705c638669c660bb249ff64e3','987555005','activo','2024-02-05'),(20,'sofia.sanchez@email.com','scrypt:32768:8:1$u7vOwM7YqnRsenmN$37c58dc7f3e3ec7ad9e32d6308f9a94b45009c6a756fcf0d08a5abfe0f49e669918ed7290eaa4ae7f0ed988f7cd3b0e97ead4de705c638669c660bb249ff64e3','987555006','activo','2024-02-06'),(21,'diego.torres@email.com','scrypt:32768:8:1$u7vOwM7YqnRsenmN$37c58dc7f3e3ec7ad9e32d6308f9a94b45009c6a756fcf0d08a5abfe0f49e669918ed7290eaa4ae7f0ed988f7cd3b0e97ead4de705c638669c660bb249ff64e3','987555007','activo','2024-02-07'),(22,'paula.diaz@email.com','scrypt:32768:8:1$u7vOwM7YqnRsenmN$37c58dc7f3e3ec7ad9e32d6308f9a94b45009c6a756fcf0d08a5abfe0f49e669918ed7290eaa4ae7f0ed988f7cd3b0e97ead4de705c638669c660bb249ff64e3','987555008','activo','2024-02-08'),(23,'jose@gmail.com','scrypt:32768:8:1$sgUUqUPTniVWUSZ2$a2d228664ecbeb391aa396512937a7da8e566ca44d8a1d361bd04f53422bbbea41c2c1c6710f39cc0fa95c410e9900d6f4b0f3faa87301abdc7fdb14e89d943a','986645443','activo','2025-11-04'),(24,'jassonpuican@gmail.com','scrypt:32768:8:1$pQku5sMUxnSGD0PF$54cc0c6708fc0c0f1626cf4218f82d457c22c13d6e9187c0d72167a32f972604cc187020622e031a22e68aad89e2d536207f9ed2c27c8c3952db44222ce68aa9','961366430','activo','2025-11-04'),(25,'admin3@clinicaunion.com','8329f63e608fc18a41e9eb7168530933d744acc27487294c60ff9168425ba5cf','999999999','activo','2025-11-04'),(26,'mauriciochero7@hotmail.com','scrypt:32768:8:1$74l8UefWuiftyVTp$67de3cf500ecdf9bed741156a833f2e79d937fe2a0935677621ce6f92590e1341902b875f61d8cba0a46e9d0dc13ac0e9d80281cd0839b325be95f1fb0f6e827','957984611','activo','2025-11-04'),(27,'admin4@clinicaunion.com','scrypt:32768:8:1$sgUUqUPTniVWUSZ2$a2d228664ecbeb391aa396512937a7da8e566ca44d8a1d361bd04f53422bbbea41c2c1c6710f39cc0fa95c410e9900d6f4b0f3faa87301abdc7fdb14e89d943a','999999999','activo','2025-11-04'),(28,'superadmin@clinicaunion.com','scrypt:32768:8:1$0TG3Hha3swGomhZ7$b0c7a0ea50772cfef7eef833b1fae1c2e668faf69f03d2689069f953b8035ebb2666b039589095b44e458f8150c4dda8433fa7cb82b8a74fa766c171648b3765','999888777','Activo','2025-11-04'),(29,'prueba1@gmail.com','scrypt:32768:8:1$YIhR6MWDJU4ibhiS$c4d113aae7cf05ca3c60242592c25cc2d578821c6e79ac4650db9c9159fe891d5b0982ad3d0086ed562e5eee2f23f11351292eb92f569b423632489b8c5df8d9','934895839','activo','2025-11-04'),(30,'truki1@gmail.com','scrypt:32768:8:1$0ntWykH895UO2fDt$2fb085c2c812847afe0175dc255385b2c5b715b57a15048bdc2ba853c3f9625ecc0f7e48423b0f8e7f0e94adeaa47d24ac8090973d6956537bcfbda55d68ac97','939439459','activo','2025-11-04'),(31,'admin.nuevo@clinicaunion.com','scrypt:32768:8:1$u7vOwM7YqnRsenmN$37c58dc7f3e3ec7ad9e32d6308f9a94b45009c6a756fcf0d08a5abfe0f49e669918ed7290eaa4ae7f0ed988f7cd3b0e97ead4de705c638669c660bb249ff64e3','987654323','activo','2025-11-04'),(32,'admin.nuevo@clinicaunion.com','scrypt:32768:8:1$u7vOwM7YqnRsenmN$37c58dc7f3e3ec7ad9e32d6308f9a94b45009c6a756fcf0d08a5abfe0f49e669918ed7290eaa4ae7f0ed988f7cd3b0e97ead4de705c638669c660bb249ff64e3','987654323','activo','2025-11-04'),(33,'admin.nuevo@clinicaunion.com','scrypt:32768:8:1$mK9pL2xR5nT8vW3q$8e7c9f1a2b3d4e5f6a7b8c9d0e1f2a3b4c5d6e7f8a9b0c1d2e3f4a5b6c7d8e9f0a1b2c3d4e5f6a7b8c9d0e1f2a3b4c5d6e7f8a9b0c1d2e3f4a5b6c7d8e9f0a1b','987654323','activo','2025-11-04'),(34,'administrador.sistema@clinicaunion.com','scrypt:32768:8:1$sgUUqUPTniVWUSZ2$a2d228664ecbeb391aa396512937a7da8e566ca44d8a1d361bd04f53422bbbea41c2c1c6710f39cc0fa95c410e9900d6f4b0f3faa87301abdc7fdb14e89d943a','965432187','activo','2025-11-04'),(35,'josecarloschiclayo@gmail.com','scrypt:32768:8:1$fDmyfhnh2JbhmMwS$62539c91e2e39e6eea189e9a6a4cc67f5b1fbc05f8097929e1d558171a19b88ab41f3c783d9d2caf6ab90a70f61bf651d82a3bc203d17958488ec4642115b0b8','928382382','activo','2025-11-04'),(36,'kare@gmail.com','scrypt:32768:8:1$8x6mnBR0GikcqoVQ$cedfb0eb5ffaee2173556d595cf9b07685e349e390f9c65d4234eaa9842dc00845723ba8971486d0fc514485486e68b2780107b8965d232bdae50543604f4aa4','930472644','Activo','2025-11-04'),(37,'dr.valentina.benítez21@clinicaunion.com','scrypt:32768:8:1$u7vOwM7YqnRsenmN$37c58dc7f3e3ec7ad9e32d6308f9a94b45009c6a756fcf0d08a5abfe0f49e669918ed7290eaa4ae7f0ed988f7cd3b0e97ead4de705c638669c660bb249ff64e3','981218838','activo','2025-11-04'),(38,'dr.sergio.herrera22@clinicaunion.com','scrypt:32768:8:1$u7vOwM7YqnRsenmN$37c58dc7f3e3ec7ad9e32d6308f9a94b45009c6a756fcf0d08a5abfe0f49e669918ed7290eaa4ae7f0ed988f7cd3b0e97ead4de705c638669c660bb249ff64e3','983438733','activo','2025-11-04'),(39,'dr.katherine.mejía23@clinicaunion.com','scrypt:32768:8:1$u7vOwM7YqnRsenmN$37c58dc7f3e3ec7ad9e32d6308f9a94b45009c6a756fcf0d08a5abfe0f49e669918ed7290eaa4ae7f0ed988f7cd3b0e97ead4de705c638669c660bb249ff64e3','989948892','activo','2025-11-04'),(40,'dr.andrés.vargas24@clinicaunion.com','scrypt:32768:8:1$u7vOwM7YqnRsenmN$37c58dc7f3e3ec7ad9e32d6308f9a94b45009c6a756fcf0d08a5abfe0f49e669918ed7290eaa4ae7f0ed988f7cd3b0e97ead4de705c638669c660bb249ff64e3','988914968','activo','2025-11-04'),(41,'dr.leonardo.franco25@clinicaunion.com','scrypt:32768:8:1$u7vOwM7YqnRsenmN$37c58dc7f3e3ec7ad9e32d6308f9a94b45009c6a756fcf0d08a5abfe0f49e669918ed7290eaa4ae7f0ed988f7cd3b0e97ead4de705c638669c660bb249ff64e3','981490736','activo','2025-11-04'),(42,'dr.sergio.mejía26@clinicaunion.com','scrypt:32768:8:1$u7vOwM7YqnRsenmN$37c58dc7f3e3ec7ad9e32d6308f9a94b45009c6a756fcf0d08a5abfe0f49e669918ed7290eaa4ae7f0ed988f7cd3b0e97ead4de705c638669c660bb249ff64e3','987445507','activo','2025-11-04'),(43,'dr.javier.ortiz27@clinicaunion.com','scrypt:32768:8:1$u7vOwM7YqnRsenmN$37c58dc7f3e3ec7ad9e32d6308f9a94b45009c6a756fcf0d08a5abfe0f49e669918ed7290eaa4ae7f0ed988f7cd3b0e97ead4de705c638669c660bb249ff64e3','989039331','activo','2025-11-04'),(44,'dr.raquel.gómez28@clinicaunion.com','scrypt:32768:8:1$u7vOwM7YqnRsenmN$37c58dc7f3e3ec7ad9e32d6308f9a94b45009c6a756fcf0d08a5abfe0f49e669918ed7290eaa4ae7f0ed988f7cd3b0e97ead4de705c638669c660bb249ff64e3','986229114','activo','2025-11-04'),(45,'dr.alberto.gómez29@clinicaunion.com','scrypt:32768:8:1$u7vOwM7YqnRsenmN$37c58dc7f3e3ec7ad9e32d6308f9a94b45009c6a756fcf0d08a5abfe0f49e669918ed7290eaa4ae7f0ed988f7cd3b0e97ead4de705c638669c660bb249ff64e3','983689537','activo','2025-11-04'),(46,'dr.olivia.silva30@clinicaunion.com','scrypt:32768:8:1$u7vOwM7YqnRsenmN$37c58dc7f3e3ec7ad9e32d6308f9a94b45009c6a756fcf0d08a5abfe0f49e669918ed7290eaa4ae7f0ed988f7cd3b0e97ead4de705c638669c660bb249ff64e3','986609442','activo','2025-11-04'),(47,'dr.alberto.campos31@clinicaunion.com','scrypt:32768:8:1$u7vOwM7YqnRsenmN$37c58dc7f3e3ec7ad9e32d6308f9a94b45009c6a756fcf0d08a5abfe0f49e669918ed7290eaa4ae7f0ed988f7cd3b0e97ead4de705c638669c660bb249ff64e3','985348089','activo','2025-11-04'),(48,'dr.leonardo.pérez32@clinicaunion.com','scrypt:32768:8:1$u7vOwM7YqnRsenmN$37c58dc7f3e3ec7ad9e32d6308f9a94b45009c6a756fcf0d08a5abfe0f49e669918ed7290eaa4ae7f0ed988f7cd3b0e97ead4de705c638669c660bb249ff64e3','981811510','activo','2025-11-04'),(49,'dr.raquel.pérez33@clinicaunion.com','scrypt:32768:8:1$u7vOwM7YqnRsenmN$37c58dc7f3e3ec7ad9e32d6308f9a94b45009c6a756fcf0d08a5abfe0f49e669918ed7290eaa4ae7f0ed988f7cd3b0e97ead4de705c638669c660bb249ff64e3','983005060','activo','2025-11-04'),(50,'dr.camila.álvarez34@clinicaunion.com','scrypt:32768:8:1$u7vOwM7YqnRsenmN$37c58dc7f3e3ec7ad9e32d6308f9a94b45009c6a756fcf0d08a5abfe0f49e669918ed7290eaa4ae7f0ed988f7cd3b0e97ead4de705c638669c660bb249ff64e3','984544803','activo','2025-11-04'),(51,'dr.andrés.flores35@clinicaunion.com','scrypt:32768:8:1$u7vOwM7YqnRsenmN$37c58dc7f3e3ec7ad9e32d6308f9a94b45009c6a756fcf0d08a5abfe0f49e669918ed7290eaa4ae7f0ed988f7cd3b0e97ead4de705c638669c660bb249ff64e3','982291556','activo','2025-11-04'),(52,'dr.daniel.jiménez36@clinicaunion.com','scrypt:32768:8:1$u7vOwM7YqnRsenmN$37c58dc7f3e3ec7ad9e32d6308f9a94b45009c6a756fcf0d08a5abfe0f49e669918ed7290eaa4ae7f0ed988f7cd3b0e97ead4de705c638669c660bb249ff64e3','986802604','activo','2025-11-04'),(53,'dr.raquel.vargas37@clinicaunion.com','scrypt:32768:8:1$u7vOwM7YqnRsenmN$37c58dc7f3e3ec7ad9e32d6308f9a94b45009c6a756fcf0d08a5abfe0f49e669918ed7290eaa4ae7f0ed988f7cd3b0e97ead4de705c638669c660bb249ff64e3','985260124','activo','2025-11-04'),(54,'dr.alberto.mejía38@clinicaunion.com','scrypt:32768:8:1$u7vOwM7YqnRsenmN$37c58dc7f3e3ec7ad9e32d6308f9a94b45009c6a756fcf0d08a5abfe0f49e669918ed7290eaa4ae7f0ed988f7cd3b0e97ead4de705c638669c660bb249ff64e3','988334616','activo','2025-11-04'),(55,'dr.leonardo.quintero39@clinicaunion.com','scrypt:32768:8:1$u7vOwM7YqnRsenmN$37c58dc7f3e3ec7ad9e32d6308f9a94b45009c6a756fcf0d08a5abfe0f49e669918ed7290eaa4ae7f0ed988f7cd3b0e97ead4de705c638669c660bb249ff64e3','983507399','activo','2025-11-04'),(56,'dr.beatriz.jiménez40@clinicaunion.com','scrypt:32768:8:1$u7vOwM7YqnRsenmN$37c58dc7f3e3ec7ad9e32d6308f9a94b45009c6a756fcf0d08a5abfe0f49e669918ed7290eaa4ae7f0ed988f7cd3b0e97ead4de705c638669c660bb249ff64e3','986445462','activo','2025-11-04'),(57,'dr.valentina.domínguez41@clinicaunion.com','scrypt:32768:8:1$u7vOwM7YqnRsenmN$37c58dc7f3e3ec7ad9e32d6308f9a94b45009c6a756fcf0d08a5abfe0f49e669918ed7290eaa4ae7f0ed988f7cd3b0e97ead4de705c638669c660bb249ff64e3','984016417','activo','2025-11-04'),(58,'dr.katherine.campos42@clinicaunion.com','scrypt:32768:8:1$u7vOwM7YqnRsenmN$37c58dc7f3e3ec7ad9e32d6308f9a94b45009c6a756fcf0d08a5abfe0f49e669918ed7290eaa4ae7f0ed988f7cd3b0e97ead4de705c638669c660bb249ff64e3','989387120','activo','2025-11-04'),(59,'dr.olivia.ramírez43@clinicaunion.com','scrypt:32768:8:1$u7vOwM7YqnRsenmN$37c58dc7f3e3ec7ad9e32d6308f9a94b45009c6a756fcf0d08a5abfe0f49e669918ed7290eaa4ae7f0ed988f7cd3b0e97ead4de705c638669c660bb249ff64e3','989774053','activo','2025-11-04'),(60,'dr.isabel.uribe44@clinicaunion.com','scrypt:32768:8:1$u7vOwM7YqnRsenmN$37c58dc7f3e3ec7ad9e32d6308f9a94b45009c6a756fcf0d08a5abfe0f49e669918ed7290eaa4ae7f0ed988f7cd3b0e97ead4de705c638669c660bb249ff64e3','982208855','activo','2025-11-04'),(61,'dr.erika.juárez45@clinicaunion.com','scrypt:32768:8:1$u7vOwM7YqnRsenmN$37c58dc7f3e3ec7ad9e32d6308f9a94b45009c6a756fcf0d08a5abfe0f49e669918ed7290eaa4ae7f0ed988f7cd3b0e97ead4de705c638669c660bb249ff64e3','981618554','activo','2025-11-04'),(62,'dr.mariana.quintero46@clinicaunion.com','scrypt:32768:8:1$u7vOwM7YqnRsenmN$37c58dc7f3e3ec7ad9e32d6308f9a94b45009c6a756fcf0d08a5abfe0f49e669918ed7290eaa4ae7f0ed988f7cd3b0e97ead4de705c638669c660bb249ff64e3','982017270','activo','2025-11-04'),(63,'dr.daniel.domínguez47@clinicaunion.com','scrypt:32768:8:1$u7vOwM7YqnRsenmN$37c58dc7f3e3ec7ad9e32d6308f9a94b45009c6a756fcf0d08a5abfe0f49e669918ed7290eaa4ae7f0ed988f7cd3b0e97ead4de705c638669c660bb249ff64e3','983021000','activo','2025-11-04'),(64,'dr.valentina.escobar48@clinicaunion.com','scrypt:32768:8:1$u7vOwM7YqnRsenmN$37c58dc7f3e3ec7ad9e32d6308f9a94b45009c6a756fcf0d08a5abfe0f49e669918ed7290eaa4ae7f0ed988f7cd3b0e97ead4de705c638669c660bb249ff64e3','988484404','activo','2025-11-04'),(65,'dr.mariana.silva49@clinicaunion.com','scrypt:32768:8:1$u7vOwM7YqnRsenmN$37c58dc7f3e3ec7ad9e32d6308f9a94b45009c6a756fcf0d08a5abfe0f49e669918ed7290eaa4ae7f0ed988f7cd3b0e97ead4de705c638669c660bb249ff64e3','987907657','activo','2025-11-04'),(66,'dr.pablo.campos50@clinicaunion.com','scrypt:32768:8:1$u7vOwM7YqnRsenmN$37c58dc7f3e3ec7ad9e32d6308f9a94b45009c6a756fcf0d08a5abfe0f49e669918ed7290eaa4ae7f0ed988f7cd3b0e97ead4de705c638669c660bb249ff64e3','988758487','activo','2025-11-04'),(67,'jhon@gmail.com','scrypt:32768:8:1$i4cDqH4RblJd1aVt$fc127a5d0ff75085f14f8a9edb8a68d66d3dabbc14f279142a71be03f0c14d3aed946eb10afddc538eadf083f97de0ca0198cc6b5afed0b1218d02fb73cefa07','961366436','Activo','2025-11-04'),(68,'juan123@gmail.com','scrypt:32768:8:1$xqbuVwylonj27xC9$fcd0ceb3a9685b0a4e8c2ce5e75c555e9b9097e7bfb7cadcd1d58de192aea1abbaff157b6d5a37ea3a558cc3fa65e54b49b4b03c1c3fa2414046aa59bedbf012','961366480','Activo','2025-11-04'),(69,'mauriciochero7@gmail.com','scrypt:32768:8:1$2eTsOBMF0Taq5BRr$85822f4834a52f86b3e5dbd1496404eb34215d953952c4670e3e777d2861ac9f6b80570f2075dc53b361b9aaa6f49a2dc86626aed9cf7c54753618850da73d7f','957984611','Activo','2025-11-04'),(72,'Paciente1@gmail.com','scrypt:32768:8:1$mGiAabz7PD2N8fAa$f8a2a5e4bf10ac75608381c6cff96102c2092a9a0992df05e0e5184d74e12fa5ccc6b60edb17a2f1facd54acc3fe8d3df8d66b88c6ff31530bd91b2a317fd2d8','987654321','activo','2025-11-04'),(74,'paciente3','scrypt:32768:8:1$Dv0MIvcqMfuUrmEJ$856d4c2ce0512ab69b101b1840f2ff00c24662fa04c71a55a62b947ae9c066603e4922978b3ddd15c11f7da75601672bae4e50fcdd657bc7757fd95190f32578','987654321','activo','2025-11-04');
/*!40000 ALTER TABLE `USUARIO` ENABLE KEYS */;
UNLOCK TABLES;
/*!40103 SET TIME_ZONE=@OLD_TIME_ZONE */;

/*!40101 SET SQL_MODE=@OLD_SQL_MODE */;
/*!40014 SET FOREIGN_KEY_CHECKS=@OLD_FOREIGN_KEY_CHECKS */;
/*!40014 SET UNIQUE_CHECKS=@OLD_UNIQUE_CHECKS */;
/*!40101 SET CHARACTER_SET_CLIENT=@OLD_CHARACTER_SET_CLIENT */;
/*!40101 SET CHARACTER_SET_RESULTS=@OLD_CHARACTER_SET_RESULTS */;
/*!40101 SET COLLATION_CONNECTION=@OLD_COLLATION_CONNECTION */;
/*!40111 SET SQL_NOTES=@OLD_SQL_NOTES */;

-- Dump completed on 2025-11-05  1:30:15
